EveId,EveName,EveDesc,EveCity,EveTimestart,EveTimeend,EveThumb,CatId
1,Taylor Swift Concert,The Eras Tour,New York,2024-07-15 19:00:0,2024-07-15 23:00:0,https://salt.tkbcdn.com/ts/ds/9e/ab/87/cf3513a86027d31026f5be1e866895c3.png,1
2,NBA Finals 2024,Championship Game,Los Angeles,2024-06-10 20:00:0,2024-06-10 23:00:0,https://salt.tkbcdn.com/ts/ds/ed/d1/30/00f0fbc999f8a4dedf030f9e3c7b27db.jpg,2
3,2024 JIN YOUNG FAN MEETING IN VIETNAM <Love Letter>,,Hanoi,2024-12-01 09:00:0,2024-12-01 18:00:0,https://images.tkbcdn.com/2/608/332/ts/ds/18/3a/7a/488621ad9d789a7a1c8228209a2f546d.png,1
4,2024 CHANYEOL LIVE TOUR: 都市風景 (City-scape) in HO CHI MINH,,Hanoi,2024-12-01 09:00:0,2024-12-01 18:00:0,https://images.tkbcdn.com/2/608/332/ts/ds/c9/5b/a3/4bf339980eafce491ff81ce1814ff7d1.png,1
5,Giai Điệu Mùa Thu,,Hanoi,2024-12-01 09:00:0,2024-12-01 18:00:0,https://images.tkbcdn.com/2/608/332/ts/ds/4d/d5/47/0fb24723a602b269c1ef471823df8ac5.jpg,1
6,"DeloDelo Show : Liveshow ""Người Đang Yêu""",,Hanoi,2024-12-01 09:00:0,2024-12-01 18:00:0,https://images.tkbcdn.com/2/608/332/ts/ds/ec/a4/15/7bdf0c75bc6e160083620b6b231e3b2a.jpeg,1
7,[HCM] SUNGHA JUNG LIVE IN VIETNAM 2024,,Hanoi,2024-12-01 09:00:0,2024-12-01 18:00:0,https://images.tkbcdn.com/2/608/332/ts/ds/e4/7c/f2/c5a96abce15ad0e195cf4012bc5f3af2.jpg,1
8,LIVE CONCERT ĐỨC TRÍ - CÓ ĐÔI LẦN,,Hanoi,2024-12-01 09:00:0,2024-12-01 18:00:0,https://images.tkbcdn.com/2/608/332/ts/ds/ba/f5/84/ae0b8e22f3e1b1422bebe9afe36ed56c.png,1
9,[ĐÀ NẴNG] SUNGHA JUNG LIVE IN VIETNAM 2024,,Hanoi,2024-12-01 09:00:0,2024-12-01 18:00:0,https://images.tkbcdn.com/2/608/332/ts/ds/27/d3/b5/053995945064a4d799fe0e3a3ecf506f.jpg,1
10,HỒ CHÍ MINH - THE MUSIC OF ABBA | ARRIVAL FROM SWEDEN,,Hanoi,2024-12-01 09:00:0,2024-12-01 18:00:0,https://images.tkbcdn.com/2/608/332/ts/ds/eb/33/cd/ed8d18132e6666716e18328b200db382.jpg,1
11,[HÀ NỘI] SUNGHA JUNG LIVE IN VIETNAM 2024,,Hanoi,2024-12-01 09:00:0,2024-12-01 18:00:0,https://images.tkbcdn.com/2/608/332/ts/ds/e4/7c/f2/ac2c5e7b45b2b560c452cf6c1ca98a6b.jpg,1
12,[BẾN THÀNH] Đêm nhạc Lam Trường - Cẩm Ly,,Hanoi,2024-12-01 09:00:0,2024-12-01 18:00:0,https://images.tkbcdn.com/2/608/332/ts/ds/09/a6/06/c1890fa91b9334f9e4c5ff90e96ef5d1.jpg,1
13,HỘI AN - THE MUSIC OF ABBA | ARRIVAL FROM SWEDEN,,Hanoi,2024-12-01 09:00:0,2024-12-01 18:00:0,https://images.tkbcdn.com/2/608/332/ts/ds/eb/33/cd/352a812b3d182ef9f383957ea789cbdf.jpg,1
14,ĐÀ NẴNG - THE MUSIC OF ABBA | ARRIVAL FROM SWEDEN,,Hanoi,2024-12-01 09:00:0,2024-12-01 18:00:0,https://images.tkbcdn.com/2/608/332/ts/ds/eb/33/cd/6c537645e6b40499bfaaa9ea0afbc062.jpg,1
15,"[TP.HCM] Vũ. - ""Bảo Tàng của Nuối Tiếc"" Live Concert 2024",,Hanoi,2024-12-01 09:00:0,2024-12-01 18:00:0,https://images.tkbcdn.com/2/608/332/ts/ds/44/e2/90/76fb84dbfdcd86e99f720aca467ffd04.png,1
16,[BẾN THÀNH] Đêm nhạc Thùy Dung - KM: Nguyễn Đình Tuấn Dũng,,Hanoi,2024-12-01 09:00:0,2024-12-01 18:00:0,https://images.tkbcdn.com/2/608/332/ts/ds/75/3a/99/33b75f01cd382f58be53d4d564842dd5.jpg,1
17,"(Hà Nội) Funk, R'n""B & City Pop - Nhóm nghệ sĩ Pháp FUNKINDUSTRY",,Hanoi,2024-12-01 09:00:0,2024-12-01 18:00:0,https://images.tkbcdn.com/2/608/332/ts/ds/a3/74/b6/60060c8342d1d745343c1922c44b6114.png,1
18,LULULOLA SHOW VŨ CÁT TƯỜNG | TỪNG LÀ,,Hanoi,2024-12-01 09:00:0,2024-12-01 18:00:0,https://images.tkbcdn.com/2/608/332/ts/ds/06/c8/2b/907245a444785aa567dc0136ed83c0cd.png,1
19,"[Hà Nội] Vũ. - ""Bảo Tàng của Nuối Tiếc"" Live Concert 2024",,Hanoi,2024-12-01 09:00:0,2024-12-01 18:00:0,https://images.tkbcdn.com/2/608/332/ts/ds/38/f6/ef/afb1d3c8ef2492054ae52fee6e5aa30c.png,1
20,Ho Chi Minh City - The Bootleg Beatles,,Hanoi,2024-12-01 09:00:0,2024-12-01 18:00:0,https://images.tkbcdn.com/2/608/332/ts/ds/9d/48/e1/cbeea4fadb33c2ce2fc11f791de32f4e.jpg,1
21,Hanoi - The Bootleg Beatles,,Hanoi,2024-12-01 09:00:0,2024-12-01 18:00:0,https://images.tkbcdn.com/2/608/332/ts/ds/dd/e0/38/a7da5503aeb91097712b8ca45bb9828c.jpg,1
22,YÊU HOÀ BÌNH 2024,,Hanoi,2024-12-01 09:00:0,2024-12-01 18:00:0,https://images.tkbcdn.com/2/608/332/ts/ds/f1/4a/c8/89538579ad36c711a125d59b92319d3f.png,1
23,[Đà Nẵng] Những Thành Phố Mơ Màng Year End 2024,,Hanoi,2024-12-01 09:00:0,2024-12-01 18:00:0,https://images.tkbcdn.com/2/608/332/ts/ds/2c/c7/b7/91caf2ee355252776fe11773bf223068.png,1
24,(Hà Nội) Piano | Olivier Moulin - Kỷ niệm 100 năm ngày mất của Gabriel Fauré,,Hanoi,2024-12-01 09:00:0,2024-12-01 18:00:0,https://images.tkbcdn.com/2/608/332/ts/ds/6e/a4/62/8697b312e05783e1309f61caec56ee6d.png,1
25,[TP.HCM] Những Thành Phố Mơ Màng Year End 2024,,Hanoi,2024-12-01 09:00:0,2024-12-01 18:00:0,https://images.tkbcdn.com/2/608/332/ts/ds/41/05/9f/c747749b3725747674cbeaab5340e5d0.png,1
26,[Hà Nội] Những Thành Phố Mơ Màng Year End 2024,,Hanoi,2024-12-01 09:00:0,2024-12-01 18:00:0,https://images.tkbcdn.com/2/608/332/ts/ds/63/16/63/e1b2ad0f15703886e705b66a1c2f09f5.png,1
27,YÊN ẤM MERCHANDISE_HOÀNG DŨNG_YÊN CONCERT,,Hanoi,2024-12-01 09:00:0,2024-12-01 18:00:0,https://images.tkbcdn.com/2/608/332/ts/ds/4c/1a/37/33e9975cec90506ae11a9dd491f6d07e.jpg,1
28,The “Traditional Water Puppet Show”,,Hanoi,2024-12-01 09:00:0,2024-12-01 18:00:0,https://images.tkbcdn.com/2/608/332/ts/ds/03/21/08/2aff26681043246ebef537f075e2f861.png,1
29,[BẾN THÀNH] Đêm nhạc Lâm Bảo Ngọc - Phạm Anh Duy,,Hanoi,2024-12-01 09:00:0,2024-12-01 18:00:0,https://images.tkbcdn.com/2/608/332/ts/ds/55/66/1b/bd504bcc4965ecd06e773f0f75c99fd7.jpg,1
30,[BẾN THÀNH] Đêm nhạc Trung Quân - Văn Mai Hương,,Hanoi,2024-12-01 09:00:0,2024-12-01 18:00:0,https://images.tkbcdn.com/2/608/332/ts/ds/74/dc/6b/dac51e37825b7e93e7fbc875bc1e20ad.jpg,1
31,[BẾN THÀNH] Đêm nhạc Thái Đinh - Nam Kun,,Hanoi,2024-12-01 09:00:0,2024-12-01 18:00:0,https://images.tkbcdn.com/2/608/332/ts/ds/8e/c1/4b/f11558d7a5d7084898294d7680a47ee5.jpg,1
32,[BẾN THÀNH] Đêm nhạc Hà Nhi - Mai Tiến Dũng,,Hanoi,2024-12-01 09:00:0,2024-12-01 18:00:0,https://images.tkbcdn.com/2/608/332/ts/ds/76/16/78/b88c2a641b8d36d414fb3a05801745d8.jpg,1
33,"[SG] CHỐN... TÌM SHOW VŨ CÁT TƯỜNG | ""TỪNG LÀ""...""NGƯỜI BÌNH THƯỜNG""",,Hanoi,2024-12-01 09:00:0,2024-12-01 18:00:0,https://images.tkbcdn.com/2/608/332/ts/ds/c4/ae/b1/899236fe0e960ec5b772d19abc582213.jpg,1
34,Hội Trăng Rằm Vạn Phúc City,,Hanoi,2024-12-01 09:00:0,2024-12-01 18:00:0,https://images.tkbcdn.com/2/608/332/ts/ds/5a/4f/e3/53f088dbf43be9f6ea44ba11d1bfbf95.jpg,1
35,Từ Nay...Từ Đây music show x Tăng Phúc (Chapter Hà Nội) ,,Hanoi,2024-12-01 09:00:0,2024-12-01 18:00:0,https://images.tkbcdn.com/2/608/332/ts/ds/79/1e/f2/43b816dcc2b2b70d1a7a0e6ccfa714c1.jpg,1
36,Ecstatic Dance & Contact Improv,,Hanoi,2024-12-01 09:00:0,2024-12-01 18:00:0,https://images.tkbcdn.com/2/608/332/ts/ds/20/ac/98/5bd1c3ced68185e4889ba6360c138403.jpg,1
37,"20TH ANNIVERSARY 2024 KIM JAE JOONG ASIA TOUR CONCERT ""FLOWER GARDEN"" IN VIETNAM",,Hanoi,2024-12-01 09:00:0,2024-12-01 18:00:0,https://images.tkbcdn.com/2/608/332/ts/ds/15/fa/c8/4c10f840ae4686d82944ccdb34a617f0.png,1
38,[BẾN THÀNH] Đêm nhạc Nguyễn Kiều Oanh - Dickson - KM: JINJU,,Hanoi,2024-12-01 09:00:0,2024-12-01 18:00:0,https://images.tkbcdn.com/2/608/332/ts/ds/06/a6/36/9a87fcc7ae1450e4e2e6043069c797e9.jpg,1
39,BOLLYWOOD NIGHT @ BENARAS HERITAGE ,,Hanoi,2024-12-01 09:00:0,2024-12-01 18:00:0,https://images.tkbcdn.com/2/608/332/ts/ds/3c/42/8f/6071d96edd0e4f1f34f990b0864905dc.jpg,1
40,[BẾN THÀNH] Đêm nhạc Phan Mạnh Quỳnh - Nguyên Hà. Special guest: Vy Vy,,Hanoi,2024-12-01 09:00:0,2024-12-01 18:00:0,https://images.tkbcdn.com/2/608/332/ts/ds/41/e2/4a/5e5ce2097b6b659792b4412c6d849ab7.jpg,1
41,[BẾN THÀNH] Đêm nhạc Mỹ Linh - Hoàng Hải,,Hanoi,2024-12-01 09:00:0,2024-12-01 18:00:0,https://images.tkbcdn.com/2/608/332/ts/ds/fe/9e/83/6f05248e113d15660b8b178bb9d9ca14.jpg,1
42,"Van Phuc Water Show ""Love's Melody""",,Hanoi,2024-12-01 09:00:0,2024-12-01 18:00:0,https://images.tkbcdn.com/2/608/332/ts/ds/8c/41/a3/e138f8331ab011e543ed63d6942ff1ed.jpg,1
43,LULULOLA SHOW THÙY CHI & VƯƠNG ANH TÚ | HẾT THƯƠNG CẠN NHỚ,,Hanoi,2024-12-01 09:00:0,2024-12-01 18:00:0,https://images.tkbcdn.com/2/608/332/ts/ds/59/55/ce/1ae8c45c2b6c1176de856629ad6235c4.png,1
44,TỪ ĐÂY...TỪ NAY... Music show x TĂNG PHÚC (Chapter Đà Lạt),,Hanoi,2024-12-01 09:00:0,2024-12-01 18:00:0,https://images.tkbcdn.com/2/608/332/ts/ds/5f/f9/3f/ae7c9aa247bfc78212aa42ee523c633d.jpg,1
45,[MĂNG ĐEN TREEHOUSE VILLAGE - KON TUM] CHỐN...TÌM SHOW BẰNG KIỀU - PHƯỢNG VŨ | NƠI MÙA THU BẮT ĐẦU,,Hanoi,2024-12-01 09:00:0,2024-12-01 18:00:0,https://images.tkbcdn.com/2/608/332/ts/ds/0d/9a/e1/e90581077da9c00e26e636bdb9bacf49.jpg,1
46,Saigon International Guitar Festival 2024,,Hanoi,2024-12-01 09:00:0,2024-12-01 18:00:0,https://images.tkbcdn.com/2/608/332/ts/ds/90/88/2c/04e5e344e83979947bc71189651149ec.jpg,1
47,[HẢI PHÒNG] LÊ HIẾU & VICKY NHUNG,,Hanoi,2024-12-01 09:00:0,2024-12-01 18:00:0,https://images.tkbcdn.com/2/608/332/ts/ds/70/c6/eb/659930148c7f550bdf4e5230f7225c69.jpg,1
48,"Tom Chat : Mini show ""Hãy yêu khi ta còn bên nhau""",,Hanoi,2024-12-01 09:00:0,2024-12-01 18:00:0,https://images.tkbcdn.com/2/608/332/ts/ds/7a/68/8d/8b36e24844de31c7c5d877be594566d7.jpg,1
49,SỐNG D'ART - SONG D'ART LIVE CONCERT,,Hanoi,2024-12-01 09:00:0,2024-12-01 18:00:0,https://images.tkbcdn.com/2/608/332/ts/ds/92/41/a4/a438e8099bcef67611a4ac864cd14288.jpg,1
50,DeloDelo Show : Trót Yêu,,Hanoi,2024-12-01 09:00:0,2024-12-01 18:00:0,https://images.tkbcdn.com/2/608/332/ts/ds/65/8d/31/a66178fa7a541f4b1cf750bb2e8baff1.png,1
51,31.08 | HỒ MÂY SHOW | PHAN HOÀNG YẾN | MINI LIVE SHOW | SÂN KHẤU TRÊN ĐỈNH NÚI,,Hanoi,2024-12-01 09:00:0,2024-12-01 18:00:0,https://images.tkbcdn.com/2/608/332/ts/ds/75/3f/46/bad06bf49f4c202186343f29453cbdc0.jpg,1
52,THE NEXT Live Concert,,Hanoi,2024-12-01 09:00:0,2024-12-01 18:00:0,https://images.tkbcdn.com/2/608/332/ts/ds/b7/f9/8d/101e33f85cb890be52e374186064cf5f.jpg,1
53,LULULOLA SHOW HỒ NGỌC HÀ | CÔ ĐƠN TRÊN SOFA,,Hanoi,2024-12-01 09:00:0,2024-12-01 18:00:0,https://images.tkbcdn.com/2/608/332/ts/ds/34/d5/cb/8e98dadf39aa082791175b3477a7c684.png,1
54,WHITE PARTY VIETNAM 2024,,Hanoi,2024-12-01 09:00:0,2024-12-01 18:00:0,https://images.tkbcdn.com/2/608/332/Upload/eventcover/2024/02/22/BF092B.jpg,1
55,Đêm nhạc Acoustic & Ballad gây quỹ từ thiện,,Hanoi,2024-12-01 09:00:0,2024-12-01 18:00:0,https://images.tkbcdn.com/2/608/332/ts/ds/78/38/0e/b17210de60198e5459ec5ff59d469aff.jpg,1
56,"Tom Chat : Mini show Quang Linh ""Tình ca Bolero""",,Hanoi,2024-12-01 09:00:0,2024-12-01 18:00:0,https://images.tkbcdn.com/2/608/332/ts/ds/92/ee/c6/4cb00dc460b4dee421674ac1c822cb23.jpg,1
57,THÁNG 8 CHÀO THU VI VU XEM NHẠC NƯỚC,,Hanoi,2024-12-01 09:00:0,2024-12-01 18:00:0,https://images.tkbcdn.com/2/608/332/ts/ds/d0/02/04/a31d12da65b72869920d95a7c35c2066.jpg,1
58,[HN] Hà Trần: Thiên Hà Tinh Khôi,,Hanoi,2024-12-01 09:00:0,2024-12-01 18:00:0,https://images.tkbcdn.com/2/608/332/ts/ds/9b/f9/1d/d9025f1b0696423a5382aaa72df3ebbe.jpg,1
59,LULULOLA SHOW HÀ NHI | CHƯA QUÊN NGƯỜI YÊU CŨ,,Hanoi,2024-12-01 09:00:0,2024-12-01 18:00:0,https://images.tkbcdn.com/2/608/332/ts/ds/79/bc/c7/147059954a70e3229912017267cfa389.png,1
60,24.08 XUÂN NGHI THE VOICE | ĐÊM NHẠC TRÊN ĐỈNH NÚI ,,Hanoi,2024-12-01 09:00:0,2024-12-01 18:00:0,https://images.tkbcdn.com/2/608/332/ts/ds/44/77/28/f2567063fe5d389eb64260026e4111b5.jpg,1
61,TẮM ÂM THANH VỚI CHUÔNG XOAY VÀ GONG,,Hanoi,2024-12-01 09:00:0,2024-12-01 18:00:0,https://images.tkbcdn.com/2/608/332/ts/ds/28/e2/b2/9edf35787ee8a50466bcdd4f7d5cb106.jpg,1
62,[BẾN THÀNH] Đêm nhạc Lân Nhã - KM: Tiêu Châu Như Quỳnh,,Hanoi,2024-12-01 09:00:0,2024-12-01 18:00:0,https://images.tkbcdn.com/2/608/332/ts/ds/2c/91/07/6dc5cd050b5149bd0392057ca89afe05.jpg,1
63,LULULOLA SHOW VĂN MAI HƯƠNG & QUINN HIỀN MAI | ĐẠI MINH TINH,,Hanoi,2024-12-01 09:00:0,2024-12-01 18:00:0,https://images.tkbcdn.com/2/608/332/ts/ds/82/fb/b9/fdd2192806df8dca250d36272cf8e053.png,1
64,[BẾN THÀNH] Đêm nhạc Thái Đinh - Vinh Khuất,,Hanoi,2024-12-01 09:00:0,2024-12-01 18:00:0,https://images.tkbcdn.com/2/608/332/ts/ds/e5/c6/c4/199fcb70d4cab2b0539928b2a6b96b09.jpg,1
65,"Tom Chat : Minishow Jimmii Nguyễn: ""Nhớ vể em""",,Hanoi,2024-12-01 09:00:0,2024-12-01 18:00:0,https://images.tkbcdn.com/2/608/332/ts/ds/fe/ed/1c/fa60e2fb06727b5b942b0a10847ff41d.jpg,1
66,[THANH HÓA] CHỐN... TÌM SHOW HƯƠNG TRÀM - MARS ANH TÚ | DUYÊN MÌNH LỠ,,Hanoi,2024-12-01 09:00:0,2024-12-01 18:00:0,https://images.tkbcdn.com/2/608/332/ts/ds/27/ff/e3/1bec6a263f1df069c69d8710b73e4531.jpg,1
67,Tom Chat - Live Show No.15 : Chuyện Tình Yêu,,Hanoi,2024-12-01 09:00:0,2024-12-01 18:00:0,https://images.tkbcdn.com/2/608/332/ts/ds/91/8a/b4/c6ab9f36649b9f04f08314b32081e90d.png,1
68,[BẾN THÀNH] Đêm nhạc Trung Quân - Hiền Thục,,Hanoi,2024-12-01 09:00:0,2024-12-01 18:00:0,https://images.tkbcdn.com/2/608/332/ts/ds/b8/4a/b8/e36882ad455e0da861ac3e76195fef51.jpg,1
69,1900 The Tunnel #28: Locked In,,Hanoi,2024-12-01 09:00:0,2024-12-01 18:00:0,https://images.tkbcdn.com/2/608/332/ts/ds/62/fe/6e/1a33b5765218eb6a987c5f412160f2b6.png,1
70,[BẾN THÀNH] Đêm nhạc Tuấn Ngọc,,Hanoi,2024-12-01 09:00:0,2024-12-01 18:00:0,https://images.tkbcdn.com/2/608/332/ts/ds/f1/72/1d/e1cccecf94daec245a759109447d4425.jpg,1
71,[SG] CHỐN... TÌM SHOW HƯƠNG TRÀM - MARS ANH TÚ | DUYÊN MÌNH LỠ,,Hanoi,2024-12-01 09:00:0,2024-12-01 18:00:0,https://images.tkbcdn.com/2/608/332/ts/ds/f8/25/7e/67f1022b0251257bb8b40634e5e8796f.jpg,1
72,[HCM] Hà Trần: Thiên Hà Tinh Khôi,,Hanoi,2024-12-01 09:00:0,2024-12-01 18:00:0,https://images.tkbcdn.com/2/608/332/ts/ds/f7/76/e8/96d3b14074c06dfa68a5b01767b79a75.jpg,1
73,LULULOLA SHOW VŨ CÁT TƯỜNG | NGƯỜI BÌNH THƯỜNG,,Hanoi,2024-12-01 09:00:0,2024-12-01 18:00:0,https://images.tkbcdn.com/2/608/332/ts/ds/06/c8/2b/37ebab3a02b580b0189cd3632123b14c.png,1
74,[BẾN THÀNH] Đêm nhạc Bùi Lan Hương,,Hanoi,2024-12-01 09:00:0,2024-12-01 18:00:0,https://images.tkbcdn.com/2/608/332/ts/ds/50/84/3e/abaa859d955b048be0769d3185874001.jpg,1
75,[BẾN THÀNH] Đêm nhạc Văn Mai Hương - Hà An Huy,,Hanoi,2024-12-01 09:00:0,2024-12-01 18:00:0,https://images.tkbcdn.com/2/608/332/ts/ds/74/f1/a1/85f7e39e9cc31b1f2a576cffc6febf3e.jpg,1
76,TỪ ĐÂY... TỪ NAY Music Tour x Tăng Phúc (Sài Gòn),,Hanoi,2024-12-01 09:00:0,2024-12-01 18:00:0,https://images.tkbcdn.com/2/608/332/ts/ds/7e/30/a8/65175c6c81f8dbe8c3a63418c3308d59.jpg,1
77,Tom Chat - Minishow : Cho em một lần yêu,,Hanoi,2024-12-01 09:00:0,2024-12-01 18:00:0,https://images.tkbcdn.com/2/608/332/ts/ds/44/5d/55/716f79f25b3ee86bbb28c91897e210e1.jpg,1
78,Liveshow Cẩm Ly - Kỷ niệm 30 năm ca hát - Tự tình quê hương 6,,Hanoi,2024-12-01 09:00:0,2024-12-01 18:00:0,https://images.tkbcdn.com/2/608/332/ts/ds/d5/6a/b4/6a9816189b5148a5750113f782e5be94.jpg,1
79,LULULOLA SHOW PHAN MẠNH QUỲNH | BIẾT ƠN ĐỂ ĐANG Ở LẠI,,Hanoi,2024-12-01 09:00:0,2024-12-01 18:00:0,https://images.tkbcdn.com/2/608/332/ts/ds/57/04/b1/39315e2c790f67ecc938701754816d15.png,1
80,[BẾN THÀNH] Đêm nhạc Vũ - Nguyên Hà,,Hanoi,2024-12-01 09:00:0,2024-12-01 18:00:0,https://images.tkbcdn.com/2/608/332/ts/ds/96/a0/2f/645eababa0bb48c96794436614cff1de.jpg,1
81,[HN] TRUNG QUÂN  1689 - More than 1589,,Hanoi,2024-12-01 09:00:0,2024-12-01 18:00:0,https://images.tkbcdn.com/2/608/332/ts/ds/97/da/27/688b1023838b78769de811921c861e46.jpg,1
82,[BẾN THÀNH] Đêm nhạc Vương Anh Tú - Nguyễn Kiều Oanh. KM: Thành Đạt,,Hanoi,2024-12-01 09:00:0,2024-12-01 18:00:0,https://images.tkbcdn.com/2/608/332/ts/ds/a8/95/59/4258deed792c51ee797121074da82efb.jpg,1
83,2024 SUPER JUNIOR <SUPER SHOW SPIN-OFF: Halftime> in HO CHI MINH,,Hanoi,2024-12-01 09:00:0,2024-12-01 18:00:0,https://images.tkbcdn.com/2/608/332/ts/ds/c2/4b/79/43aa7f8fbf384caa5ddceb011498dbd7.png,1
84,[BẾN THÀNH] Đêm nhạc Bạch Công Khanh - Tuấn Nghĩa,,Hanoi,2024-12-01 09:00:0,2024-12-01 18:00:0,https://images.tkbcdn.com/2/608/332/ts/ds/f1/15/31/03676d3fdb917725ea73fb644afa4137.jpg,1
85,SAY HI THÁNG 7 CÙNG VAN PHUC WATER SHOW,,Hanoi,2024-12-01 09:00:0,2024-12-01 18:00:0,https://images.tkbcdn.com/2/608/332/ts/ds/bb/73/32/e3018dbae9ad106cd87b5698b2d16b21.jpg,1
86,LULULOLA SHOW THÙY CHI & MAI TIẾN DŨNG | NGƯỜI NHƯ ANH HƠN EM CHỖ NÀO,,Hanoi,2024-12-01 09:00:0,2024-12-01 18:00:0,https://images.tkbcdn.com/2/608/332/ts/ds/e9/fb/9b/4501e2de06f2b5f454dc35b119d24217.png,1
87,[BẾN THÀNH] Đêm nhạc Phương Anh - Phương Ý. KM: Thanh Vinh,,Hanoi,2024-12-01 09:00:0,2024-12-01 18:00:0,https://images.tkbcdn.com/2/608/332/ts/ds/6e/38/91/627dfc4784d4151ac2436c85e9ee8f44.jpg,1
88,20.07 MINAKO BAND | LIVE BAND AT HỒ MÂY SHOW,,Hanoi,2024-12-01 09:00:0,2024-12-01 18:00:0,https://images.tkbcdn.com/2/608/332/ts/ds/6b/1e/5a/f714d983d91cb4aa5c4c42f9467a2593.jpg,1
89,[BẾN THÀNH] Đêm nhạc Thuỳ Dung - KM: Nguyễn Đình Tuấn Nghĩa,,Hanoi,2024-12-01 09:00:0,2024-12-01 18:00:0,https://images.tkbcdn.com/2/608/332/ts/ds/45/8a/ca/d2e4a4844120e3e9075098be0307efa3.jpg,1
90,LULULOLA SHOW HOÀNG DŨNG KM LÂM PHÚC & MR BOTT BAND | ĐÔI LỜI TÌNH CA,,Hanoi,2024-12-01 09:00:0,2024-12-01 18:00:0,https://images.tkbcdn.com/2/608/332/ts/ds/b1/08/4f/15a974b605c705c9890cb9e3ca4a4b74.png,1
91,[HCM] TRUNG QUÂN  1689 - More than 1589,,Hanoi,2024-12-01 09:00:0,2024-12-01 18:00:0,https://images.tkbcdn.com/2/608/332/ts/ds/bb/e2/49/34560b519e0293e77d1b16bbaaefcf1c.jpg,1
92,LULULOLA SHOW LÂN NHÃ KM BÙI LAN HƯƠNG,,Hanoi,2024-12-01 09:00:0,2024-12-01 18:00:0,https://images.tkbcdn.com/2/608/332/ts/ds/ff/c1/fe/5c11b48e9101d920e6a6a8bff33b712c.png,1
93,1900 Hip Hop Party: Coldzy & Friends - MEDICINE: Exclusive Album Listening Party,,Hanoi,2024-12-01 09:00:0,2024-12-01 18:00:0,https://images.tkbcdn.com/2/608/332/ts/ds/26/84/3b/189e79daa65d770306cd60aff8b3d1de.jpg,1
94,[HẢI PHÒNG] LÊ HIẾU & VICKY NHUNG,,Hanoi,2024-12-01 09:00:0,2024-12-01 18:00:0,https://images.tkbcdn.com/2/608/332/ts/ds/4c/d7/fb/96ea174734ad3f98c1a51a2642885f63.jpg,1
95,[BẾN THÀNH] Đêm nhạc Hoàng Hải - Myra Trần,,Hanoi,2024-12-01 09:00:0,2024-12-01 18:00:0,https://images.tkbcdn.com/2/608/332/ts/ds/1a/cf/0a/dd89be01b53f00f260e91370a58fcc86.jpg,1
96,[BẾN THÀNH] Đêm nhạc Lê Hiếu - Lâm Bảo Ngọc,,Hanoi,2024-12-01 09:00:0,2024-12-01 18:00:0,https://images.tkbcdn.com/2/608/332/ts/ds/2a/a4/da/b2b855dff68707d70acbaddd818ab613.jpg,1
97,LULULOLA SHOW HOÀNG HẢI & THÙY CHI | NHẮN GIÓ MÂY RẰNG ANH YÊU EM,,Hanoi,2024-12-01 09:00:0,2024-12-01 18:00:0,https://images.tkbcdn.com/2/608/332/ts/ds/65/82/1e/23f76562706705c61e292b609df38ea1.png,1
98,MINI SHOW 06.07 TRƯƠNG THẢO NHI | SÂN KHẤU HỒ MÂY SHOW ,,Hanoi,2024-12-01 09:00:0,2024-12-01 18:00:0,https://images.tkbcdn.com/2/608/332/ts/ds/94/91/ed/498fbfe1c94828f08af4c888e2a25a8e.jpg,1
99,LULULOLA SHOW ƯNG HOÀNG PHÚC - NGUYỄN KIỀU OANH | NẾU TA CÒN YÊU NHAU,,Hanoi,2024-12-01 09:00:0,2024-12-01 18:00:0,https://images.tkbcdn.com/2/608/332/ts/ds/83/9b/e7/d87f0b648d52d24bf4ba4509c1c3f957.png,1
100,[Hà Nội] Những Thành Phố Mơ Màng Summer Tour 2024,,Hanoi,2024-12-01 09:00:0,2024-12-01 18:00:0,https://images.tkbcdn.com/2/608/332/ts/ds/a0/37/5e/2db1319230e01ee3e519dbd1a34c6fcf.jpg,1
101,[BẾN THÀNH] Đêm nhạc Quang Dũng,,Hanoi,2024-12-01 09:00:0,2024-12-01 18:00:0,https://images.tkbcdn.com/2/608/332/ts/ds/59/82/57/f23e2c79d382700c8d1675feda151e7d.jpg,1
102,"CHƯƠNG TRÌNH BIỂU DIỄN PIANO CỔ ĐIỂN ""THE WORLD'S CLASSIC""",,Hanoi,2024-12-01 09:00:0,2024-12-01 18:00:0,https://images.tkbcdn.com/2/608/332/ts/ds/86/f4/18/725d523c61602a8a3b0bd3559caaa3b6.jpg,1
103,"HCM Piano Concerto cùng nghệ sĩ Bích Trà, nhạc trưởng Trần Nhật Minh, và hoạ sĩ ",,Hanoi,2024-12-01 09:00:0,2024-12-01 18:00:0,https://images.tkbcdn.com/2/608/332/ts/ds/f6/68/a0/f366a33b8adcc4e2f5401f80c3a98966.png,1
104,LULULOLA SHOW VĂN MAI HƯƠNG KM TAMA | MƯA THÁNG SÁU,,Hanoi,2024-12-01 09:00:0,2024-12-01 18:00:0,https://images.tkbcdn.com/2/608/332/ts/ds/d5/04/0f/db899d69ab93db592f0cefe60c7333d7.png,1
105,[HBSO] A NIGHT OF PYOTR TCHAINKOVSKY & RICHARD  STRAUSS,,Hanoi,2024-12-01 09:00:0,2024-12-01 18:00:0,https://images.tkbcdn.com/2/608/332/ts/ds/92/38/ec/e4708456f62b18262765e600db1357f4.jpg,1
106,DeloDelo Show : Vì Em Thương Anh,,Hanoi,2024-12-01 09:00:0,2024-12-01 18:00:0,https://images.tkbcdn.com/2/608/332/ts/ds/b4/be/58/94aaaf104e2108b89d21aa0ba043c6bf.png,1
107,VUI HÈ CÙNG CON VỚI VẠN PHÚC WATER SHOW,,Hanoi,2024-12-01 09:00:0,2024-12-01 18:00:0,https://images.tkbcdn.com/2/608/332/ts/ds/44/24/ba/cd2a0840d9e3ed5676a1115d15814386.jpg,1
108,HARMONY SHOW | TÌNH EM LÀ ĐẠI DƯƠNG | DUY MẠNH - LƯƠNG BÍCH HỮU,,Hanoi,2024-12-01 09:00:0,2024-12-01 18:00:0,https://images.tkbcdn.com/2/608/332/ts/ds/9b/02/e3/0ff09a9e80a056240dd45a5dbce7022c.jpg,1
109,LULULOLA SHOW LÊ HIẾU - TĂNG PHÚC - HỒ TIẾN ĐẠT - NS NGUYỄN MINH CƯỜNG,,Hanoi,2024-12-01 09:00:0,2024-12-01 18:00:0,https://images.tkbcdn.com/2/608/332/ts/ds/14/29/83/21b4cfe7e192377e5a3a3db1208db2b9.png,1
110,Nhịp Thời Gian : Hạt Mầm Yêu Thương,,Hanoi,2024-12-01 09:00:0,2024-12-01 18:00:0,https://images.tkbcdn.com/2/608/332/ts/ds/58/c5/bb/e32afc0f999b9a549a803fe37037705f.jpg,1
111,[BẾN THÀNH] Đêm nhạc Lương Bích Hữu - Tăng Phúc,,Hanoi,2024-12-01 09:00:0,2024-12-01 18:00:0,https://images.tkbcdn.com/2/608/332/ts/ds/59/ec/82/4c3539f36d49022c7f22ddd3b815760f.jpg,1
112,[BẾN THÀNH] Đêm nhạc Lân Nhã - Phương Linh,,Hanoi,2024-12-01 09:00:0,2024-12-01 18:00:0,https://images.tkbcdn.com/2/608/332/ts/ds/59/8d/92/252f4ade60ff649baff5d83ea2f379d7.jpg,1
113,Les danses,,Hanoi,2024-12-01 09:00:0,2024-12-01 18:00:0,https://images.tkbcdn.com/2/608/332/ts/ds/f2/7e/14/35186a5aea8b2a053afb1df3600afb42.jpg,1
114,[BẾN THÀNH] Đêm nhạc Nguyên Hà - Hà An Huy,,Hanoi,2024-12-01 09:00:0,2024-12-01 18:00:0,https://images.tkbcdn.com/2/608/332/ts/ds/e8/93/83/3dfc53c8772f50884d12c84799e500a3.jpg,1
115,(Hà Nội) Piano solo - David Greilsammer | Du hành cùng Satie ,,Hanoi,2024-12-01 09:00:0,2024-12-01 18:00:0,https://images.tkbcdn.com/2/608/332/ts/ds/f0/38/15/f009dd87ed00495db2377515923b910f.png,1
116,[BẾN THÀNH] Đêm nhạc Văn Mai Hương - Hoàng Dũng,,Hanoi,2024-12-01 09:00:0,2024-12-01 18:00:0,https://images.tkbcdn.com/2/608/332/ts/ds/fb/d8/51/0b832deb11bb399a6fd8837a70db6cd0.jpg,1
117,VUI HÈ CÙNG CON VỚI VAN PHUC WATER SHOW,,Hanoi,2024-12-01 09:00:0,2024-12-01 18:00:0,https://images.tkbcdn.com/2/608/332/ts/ds/f7/c2/29/18edda93cf928ed72924eaf4d7cdf08c.jpg,1
118,LULULOLA SHOW TĂNG PHÚC - NGUYÊN HÀ | CHỜ NGÀN LỜI HỨA,,Hanoi,2024-12-01 09:00:0,2024-12-01 18:00:0,https://images.tkbcdn.com/2/608/332/ts/ds/4c/40/db/ec3bbdb145f4bb505038e5ae8972b4bc.png,1
119,[BẾN THÀNH] Đêm nhạc Julie Thanh Nguyên - Thục Đoan - Nguyễn Đức,,Hanoi,2024-12-01 09:00:0,2024-12-01 18:00:0,https://images.tkbcdn.com/2/608/332/ts/ds/cc/ef/70/5d4757b5c3d450f5ddaae21afe7d89d0.jpg,1
120,LULULOLA SHOW MYRA TRẦN - MAI TIẾN DŨNG | CẦU VỒNG LẤP LÁNH,,Hanoi,2024-12-01 09:00:0,2024-12-01 18:00:0,https://images.tkbcdn.com/2/608/332/ts/ds/c6/fd/e1/ffaa102e8b270450205cf3646228b641.png,1
121,Automechanika Ho Chi Minh City,,Hanoi,2024-12-01 09:00:0,2024-12-01 18:00:0,https://images.tkbcdn.com/2/608/332/ts/ds/5e/14/06/c6110f4f83794f33063ba2de893d2259.jpeg,1
122,[BẾN THÀNH] Đêm nhạc Phạm Quỳnh Anh - Myra Trần,,Hanoi,2024-12-01 09:00:0,2024-12-01 18:00:0,https://images.tkbcdn.com/2/608/332/ts/ds/9e/60/50/1f27f43203f97b6698659704c579ab17.jpg,1
123,[BẾN THÀNH] Đêm nhạc Mai Tiến Dũng - Lâm Bảo Ngọc,,Hanoi,2024-12-01 09:00:0,2024-12-01 18:00:0,https://images.tkbcdn.com/2/608/332/ts/ds/66/0d/01/4825f68fbbd99091b17a232a23d75498.jpg,1
124,[BẾN THÀNH] Đêm nhạc Phương Phương Thảo - Nguyễn Kiều Oanh,,Hanoi,2024-12-01 09:00:0,2024-12-01 18:00:0,https://images.tkbcdn.com/2/608/332/ts/ds/d3/23/34/74394c5a92719e252fc82feb722c1de0.jpg,1
125,[BẾN THÀNH] Đêm nhạc Nguyễn Đình Tuấn Dũng - Phương Phương Thảo - Viễn Trinh,,Hanoi,2024-12-01 09:00:0,2024-12-01 18:00:0,https://images.tkbcdn.com/2/608/332/ts/ds/af/d8/69/312a602b2b23557a2de058b13e0fc1b9.jpg,1
126,[LULULOLA SHOW] BẰNG KIỀU | LẠI GẦN HÔN ANH,,Hanoi,2024-12-01 09:00:0,2024-12-01 18:00:0,https://images.tkbcdn.com/2/608/332/Upload/eventcover/2023/05/08/AB4869.jpg,1
127,[NEW] VIETNAM COCKTAIL FESTIVAL 2024,,Hanoi,2024-12-01 09:00:0,2024-12-01 18:00:0,https://images.tkbcdn.com/2/608/332/Upload/eventcover/2024/03/01/996979.jpg,1
128,[Sài Gòn] Những Thành Phố Mơ Màng Summer Tour 2024,,Hanoi,2024-12-01 09:00:0,2024-12-01 18:00:0,https://images.tkbcdn.com/2/608/332/ts/ds/9f/0b/d4/f19a8a171d730418077d310ff82e7224.jpg,1
129,[BẾN THÀNH] Đêm nhạc Phan Mạnh Quỳnh - Bùi Lan Hương,,Hanoi,2024-12-01 09:00:0,2024-12-01 18:00:0,https://images.tkbcdn.com/2/608/332/ts/ds/97/5d/06/f166d17ccecc6dc26fe775acfda26ba0.jpg,1
130,"MEMORY SHOW 5 | CHỦ ĐỀ: ""DUYÊN MÌNH LỠ"" - HƯƠNG TRÀM",,Hanoi,2024-12-01 09:00:0,2024-12-01 18:00:0,https://images.tkbcdn.com/2/608/332/ts/ds/6f/2b/d4/720556478b3b1eea0cb13867d0333106.jpg,1
131,[LULULOLA SHOW] PHAN MẠNH QUỲNH - KM HELLEN | NGÀY CHƯA GIÔNG BÃO,,Hanoi,2024-12-01 09:00:0,2024-12-01 18:00:0,https://images.tkbcdn.com/2/608/332/ts/ds/57/04/b1/821b5e71ce786b82aca489bfbce354e5.png,1
132,WESTLIFE THE HITS TOUR 2024 LIVE IN HANOI,,Hanoi,2024-12-01 09:00:0,2024-12-01 18:00:0,https://images.tkbcdn.com/2/608/332/ts/ds/1a/52/a2/4303c4da7ba6e5806b06e9d40a91d0c5.png,1
133,[BẾN THÀNH] Đêm nhạc Đức Tuấn,,Hanoi,2024-12-01 09:00:0,2024-12-01 18:00:0,https://images.tkbcdn.com/2/608/332/ts/ds/4c/a8/73/4d2287d40fb9d8edd05ae47ba904fa6e.jpg,1
134,VUI TẾT THIẾU NHI CÙNG NHẠC NƯỚC VAN PHUC WATER SHOW,,Hanoi,2024-12-01 09:00:0,2024-12-01 18:00:0,https://images.tkbcdn.com/2/608/332/ts/ds/56/86/2d/64e4e64d5266efad159c33377d2cbb29.jpg,1
135,THE FOUNTAIN FESTIVAL,,Hanoi,2024-12-01 09:00:0,2024-12-01 18:00:0,https://images.tkbcdn.com/2/608/332/ts/ds/58/80/9b/b79b1b89e3668298fd44e2e626530729.png,1
136,LULULOLA SHOW VŨ CÁT TƯỜNG | TỪNG LÀ,,Hanoi,2024-12-01 09:00:0,2024-12-01 18:00:0,https://images.tkbcdn.com/2/608/332/ts/ds/23/a1/82/2d03b36411a1c7e4069cefa5c0b09c24.png,1
137,[DeloDelo Show] Liveshow Nhớ Về Em - Giấc Mơ Có Thật,,Hanoi,2024-12-01 09:00:0,2024-12-01 18:00:0,https://images.tkbcdn.com/2/608/332/ts/ds/2c/3c/60/56c0ebe388f4d2eb81ad944a4d85e534.jpeg,1
138,Retro- Giao Hòa Cảm Xúc,,Hanoi,2024-12-01 09:00:0,2024-12-01 18:00:0,https://images.tkbcdn.com/2/608/332/ts/ds/27/95/45/67530f6eae5aaa9731b0297db58cd278.jpg,1
139,HARMONY SHOW | MƯA THÁNG SÁU - DÀNH CHO EM | VĂN MAI HƯƠNG - HOÀNG TÔN,,Hanoi,2024-12-01 09:00:0,2024-12-01 18:00:0,https://images.tkbcdn.com/2/608/332/ts/ds/4b/12/67/d7c3f0f79227bd3a72e1124a48d28437.jpg,1
140,[BẾN THÀNH] Đêm nhạc Vũ - Orange,,Hanoi,2024-12-01 09:00:0,2024-12-01 18:00:0,https://images.tkbcdn.com/2/608/332/ts/ds/66/ba/57/b88e16bcd9f8d6049f219f62c7a72390.jpg,1
141,[HCM] NHÂM NHI GHITA cùng HOÀNG HẢI - QUANG TRUNG - ALI HOÀNG DƯƠNG,,Hanoi,2024-12-01 09:00:0,2024-12-01 18:00:0,https://images.tkbcdn.com/2/608/332/ts/ds/75/e3/41/60737a41d28c8edbb66f3b1b35a647a8.jpg,1
142,[BẾN THÀNH] Đêm nhạc Quốc Thiên - Phương Phương Thảo,,Hanoi,2024-12-01 09:00:0,2024-12-01 18:00:0,https://images.tkbcdn.com/2/608/332/ts/ds/b2/e5/91/c2e0fde72df43c2d618f0e8e34eb676a.jpg,1
143,LULULOLA SHOW THÙY CHI & LÊ HIẾU ,,Hanoi,2024-12-01 09:00:0,2024-12-01 18:00:0,https://images.tkbcdn.com/2/608/332/ts/ds/13/f1/fe/d8ca454bef955420bb80be540084bc75.png,1
144,LUNAS DEBUT SHOWCASE - OFFLINE FAN MEETING,,Hanoi,2024-12-01 09:00:0,2024-12-01 18:00:0,https://images.tkbcdn.com/2/608/332/ts/ds/e8/60/2a/c80d33a955fc8f36a98fcbc1f120c750.jpg,1
145,Tom Chat Liveshow No.13 - Dạ Khúc Tháng Năm,,Hanoi,2024-12-01 09:00:0,2024-12-01 18:00:0,https://images.tkbcdn.com/2/608/332/ts/ds/8f/51/22/1227f0f17e6926ca8fd107df341b9146.jpg,1
146,[BẾN THÀNH] Đêm nhạc Thái Đinh - Phạm Hồng Phước - Phượng Vũ,,Hanoi,2024-12-01 09:00:0,2024-12-01 18:00:0,https://images.tkbcdn.com/2/608/332/ts/ds/3d/9f/b1/bbd86508d00cdef89fe20704d30b27f2.jpg,1
147,[BẾN THÀNH] Đêm nhạc Đan Trường - Lương Bích Hữu,,Hanoi,2024-12-01 09:00:0,2024-12-01 18:00:0,https://images.tkbcdn.com/2/608/332/ts/ds/3c/68/2f/cb3468fecedbd7c784c1cedc8c2ae104.jpg,1
148,[BẾN THÀNH] Đêm nhạc Quang - Nguyễn Kiều Oanh,,Hanoi,2024-12-01 09:00:0,2024-12-01 18:00:0,https://images.tkbcdn.com/2/608/332/ts/ds/d3/ae/5f/be82d1c75fa004f259622a9f5164a69d.jpg,1
149,LULULOLA SHOW HƯƠNG TRÀM & HOÀNG HẢI | CHO EM GẦN ANH,,Hanoi,2024-12-01 09:00:0,2024-12-01 18:00:0,https://images.tkbcdn.com/2/608/332/ts/ds/f7/ec/a5/af90e09020de64b37e3394a7a05682c3.png,1
150,[Đà Nẵng] Những Thành Phố Mơ Màng Summer Tour 2024,,Hanoi,2024-12-01 09:00:0,2024-12-01 18:00:0,https://images.tkbcdn.com/2/608/332/ts/ds/f2/8d/0e/d1f556a40c9447add5f5d691d2cfb8c5.png,1
151,ĐÊM CHUNG KẾT MISS & MISTER FITNESS SUPERMODEL WORLD 2024,,Hanoi,2024-12-01 09:00:0,2024-12-01 18:00:0,https://images.tkbcdn.com/2/608/332/ts/ds/6b/ff/7a/8b2400b82753028fa2964d370b13c047.jpg,1
152,[BẾN THÀNH] Đêm nhạc Hà Trần - Thuỳ Chi,,Hanoi,2024-12-01 09:00:0,2024-12-01 18:00:0,https://images.tkbcdn.com/2/608/332/ts/ds/11/38/47/d6aeebf9723c92de6f3f4fa96394162b.jpg,1
153,[LULULOLA SHOW] MYRA TRẦN • VƯƠNG ANH TÚ | ANH CHƯA THƯƠNG EM ĐẾN VẬY ĐÂU,,Hanoi,2024-12-01 09:00:0,2024-12-01 18:00:0,https://images.tkbcdn.com/2/608/332/ts/ds/f2/64/f8/6472faaba08a07f1ce6c184060c15e70.png,1
154,[HẢI PHÒNG] TÌNH THÔI XÓT XA - LAM TRƯỜNG,,Hanoi,2024-12-01 09:00:0,2024-12-01 18:00:0,https://images.tkbcdn.com/2/608/332/Upload/eventcover/2024/04/17/925DE7.jpg,1
155,[Bến Thành] ĐÊM NHẠC VĂN MAI HƯƠNG - HOÀNG HẢI,,Hanoi,2024-12-01 09:00:0,2024-12-01 18:00:0,https://images.tkbcdn.com/2/608/332/Upload/eventcover/2024/04/25/07E84D.jpg,1
156,[Bến Thành] ĐÊM NHẠC QUANG DŨNG,,Hanoi,2024-12-01 09:00:0,2024-12-01 18:00:0,https://images.tkbcdn.com/2/608/332/Upload/eventcover/2024/04/25/CCC1F6.jpg,1
157,SAIGON SOUL REVIVAL - New Album Tour,,Hanoi,2024-12-01 09:00:0,2024-12-01 18:00:0,https://images.tkbcdn.com/2/608/332/Upload/eventcover/2024/04/01/1A4D25.jpg,1
158,SHE IN SHINE | HÀ NHI CONCERT 2024,,Hanoi,2024-12-01 09:00:0,2024-12-01 18:00:0,https://images.tkbcdn.com/2/608/332/ts/ds/40/a0/12/262d4adc48df842fb906543ab1965012.png,1
159,[Bến Thành] ĐÊM NHẠC MYRA  TRẦN - TĂNG PHÚC,,Hanoi,2024-12-01 09:00:0,2024-12-01 18:00:0,https://images.tkbcdn.com/2/608/332/Upload/eventcover/2024/04/25/64CC03.jpg,1
160,[Bến Thành] ĐÊM NHẠC THANH HÀ - NGUYỄN HÀ,,Hanoi,2024-12-01 09:00:0,2024-12-01 18:00:0,https://images.tkbcdn.com/2/608/332/Upload/eventcover/2024/04/25/A435FF.jpg,1
161,CONCERT: THE LOVE WITHIN [NHAC VIEN HCM],,Hanoi,2024-12-01 09:00:0,2024-12-01 18:00:0,https://images.tkbcdn.com/2/608/332/Upload/eventcover/2024/04/29/C1A455.jpg,1
162,[Bến Thành] ĐÊM NHẠC THÙY DUNG - special guest: NGUYỄN ĐÌNH TUẤN DŨNG,,Hanoi,2024-12-01 09:00:0,2024-12-01 18:00:0,https://images.tkbcdn.com/2/608/332/Upload/eventcover/2024/04/25/6B200E.jpg,1
163,CHƯƠNG TRÌNH NHẠC NƯỚC ĐẶC BIỆT LỄ 1/5: KỂ TÍCH XƯA CÙNG VAN PHUC WATER SHOW,,Hanoi,2024-12-01 09:00:0,2024-12-01 18:00:0,https://images.tkbcdn.com/2/608/332/Upload/eventcover/2024/04/19/3F2DAA.jpg,1
164,THE FOUNTAIN FESTIVAL,,Hanoi,2024-12-01 09:00:0,2024-12-01 18:00:0,https://images.tkbcdn.com/2/608/332/Upload/eventcover/2024/04/10/086652.jpg,1
165,LULULOLA SHOW QUỐC THIÊN & THÀNH ĐẠT | NGÀY MAI NGƯỜI TA LẤY CHỒNG,,Hanoi,2024-12-01 09:00:0,2024-12-01 18:00:0,https://images.tkbcdn.com/2/608/332/ts/ds/50/8b/5f/1706eff1c1fb2a8ebdebe3aadf499199.png,1
166,HARMONY SHOW | SÓNG TÌNH | MTV BAND,,Hanoi,2024-12-01 09:00:0,2024-12-01 18:00:0,https://images.tkbcdn.com/2/608/332/Upload/eventcover/2024/04/09/4893BC.jpg,1
167,THE FOUNTAIN FESTIVAL,,Hanoi,2024-12-01 09:00:0,2024-12-01 18:00:0,https://images.tkbcdn.com/2/608/332/Upload/eventcover/2024/04/10/086652.jpg,1
168,LULULOLA SHOW VĂN MAI HƯƠNG | MƯA THÁNG SÁU,,Hanoi,2024-12-01 09:00:0,2024-12-01 18:00:0,https://images.tkbcdn.com/2/608/332/ts/ds/d6/00/0a/d7e3df5a45b393504d09267902a75286.png,1
169,[NEW][Bến Thành] ĐÊM NHẠC VŨ - NGUYÊN HÀ,,Hanoi,2024-12-01 09:00:0,2024-12-01 18:00:0,https://images.tkbcdn.com/2/608/332/Upload/eventcover/2024/04/03/7F13AD.jpg,1
170,LULULOLA SHOW THÙY CHI • MAI TIẾN DŨNG  | CON ĐƯỜNG HẠNH PHÚC,,Hanoi,2024-12-01 09:00:0,2024-12-01 18:00:0,https://images.tkbcdn.com/2/608/332/ts/ds/ab/03/aa/4b229dfc6fad92518edcf3f8bb631526.png,1
171,2024 KIM JAE JOONG SPECIAL J-PARTY FAN CONCERT [I’M TWENTY] IN VIETNAM,,Hanoi,2024-12-01 09:00:0,2024-12-01 18:00:0,https://images.tkbcdn.com/2/608/332/ts/ds/6e/88/05/b810a62b12cd32623bf3a271cc371b25.png,1
172,[NEW] [LULULOLA SHOW] ANH TÚ VOI BẢN ĐÔN & BẢO ANH,,Hanoi,2024-12-01 09:00:0,2024-12-01 18:00:0,https://images.tkbcdn.com/2/608/332/ts/ds/ae/22/dd/7b8fdacfe6b5e2e4e0176bad9fc242f9.png,1
173,[NEW][Bến Thành] ĐÊM NHẠC BẠCH CÔNG KHANH - VIỄN TRINH,,Hanoi,2024-12-01 09:00:0,2024-12-01 18:00:0,https://images.tkbcdn.com/2/608/332/Upload/eventcover/2024/04/03/682FCD.jpg,1
174,LULULOLA SHOW] HIỀN HỒ & VƯƠNG ANH TÚ | | GẶP NHƯNG KHÔNG Ở LẠI,,Hanoi,2024-12-01 09:00:0,2024-12-01 18:00:0,https://images.tkbcdn.com/2/608/332/ts/ds/27/51/6b/f5c44d8fdc309a5b35a4a18228504272.png,1
175,[Hà Nội] Những Thành Phố Mơ Màng Summer Tour 2024,,Hanoi,2024-12-01 09:00:0,2024-12-01 18:00:0,https://images.tkbcdn.com/2/608/332/Upload/eventcover/2024/04/12/1D7EE3.jpg,1
176,[NEW][Bến Thành] ĐÊM NHẠC VICKY NHUNG - NGUYỄN KIỀU OANH,,Hanoi,2024-12-01 09:00:0,2024-12-01 18:00:0,https://images.tkbcdn.com/2/608/332/Upload/eventcover/2024/04/03/B7993C.jpg,1
177,[NEW][Bến Thành] ĐÊM NHẠC MỸ LINH - NGUYÊN HÀ,,Hanoi,2024-12-01 09:00:0,2024-12-01 18:00:0,https://images.tkbcdn.com/2/608/332/Upload/eventcover/2024/03/28/75F2FA.jpg,1
178,[NEW][Bến Thành] ĐÊM NHẠC ĐỨC TUẤN - ĐỒNG LAN,,Hanoi,2024-12-01 09:00:0,2024-12-01 18:00:0,https://images.tkbcdn.com/2/608/332/Upload/eventcover/2024/04/03/7AFAFB.jpg,1
179,[NEW][Bến Thành] ĐÊM NHẠC THÁI ĐINH - LÂM BẢO NGỌC,,Hanoi,2024-12-01 09:00:0,2024-12-01 18:00:0,https://images.tkbcdn.com/2/608/332/Upload/eventcover/2024/03/28/B13FAE.jpg,1
180,[NEW] Hà Nội - Tuấn Hưng  : Show GỬI NGÀN LỜI YÊU - DeloDeloShow,,Hanoi,2024-12-01 09:00:0,2024-12-01 18:00:0,https://images.tkbcdn.com/2/608/332/Upload/eventcover/2024/03/18/7ECC2E.jpg,1
181,[NEW] Hà Nội - Trung Quân  : Show TRÓT YÊU - DeloDeloShow,,Hanoi,2024-12-01 09:00:0,2024-12-01 18:00:0,https://images.tkbcdn.com/2/608/332/Upload/eventcover/2024/03/06/457014.jpg,1
182,SPECIAL MEMORY SHOW: Birthday Night|Quốc Thiên,,Hanoi,2024-12-01 09:00:0,2024-12-01 18:00:0,https://images.tkbcdn.com/2/608/332/Upload/eventcover/2024/03/13/BA412D.jpg,1
183,SAU NÀY CỦA CHÚNG TA - LÊ HIẾU - NGUYÊN HÀ,,Hanoi,2024-12-01 09:00:0,2024-12-01 18:00:0,https://images.tkbcdn.com/2/608/332/ts/ds/4e/7a/43/12f8d6a034885fb6dd4cd70889f2b90f.png,1
184,[NEW] [LULULOLA SHOW] PHAN MẠNH QUỲNH - KM NGUYỄN KIỀU OANH | SAU LỜI TỪ KHƯỚC,,Hanoi,2024-12-01 09:00:0,2024-12-01 18:00:0,https://images.tkbcdn.com/2/608/332/ts/ds/cc/91/69/9f1be613b4389eaabb0a61bcf6c32efe.png,1
185,INFiNITY Pool Party w/ Stelios Vasilloudis,,Hanoi,2024-12-01 09:00:0,2024-12-01 18:00:0,https://images.tkbcdn.com/2/608/332/Upload/eventcover/2024/04/03/8A9541.jpg,1
186,Múa Hip-hop: The Roots,,Hanoi,2024-12-01 09:00:0,2024-12-01 18:00:0,https://images.tkbcdn.com/2/608/332/Upload/eventcover/2019/03/14/933123.jpg,1
187,[NEW][Bến Thành] ĐÊM NHẠC QUỐC THIÊN - KM: UYÊN LINH - PHƯƠNG LINH,,Hanoi,2024-12-01 09:00:0,2024-12-01 18:00:0,https://images.tkbcdn.com/2/608/332/Upload/eventcover/2024/03/28/E6C3D7.jpg,1
188,2024 BAEKHYUN [Lonsdaleite] IN HO CHI MINH,,Hanoi,2024-12-01 09:00:0,2024-12-01 18:00:0,https://images.tkbcdn.com/2/608/332/Upload/eventcover/2024/03/13/359E79.jpg,1
189,THE FOUNTAIN FESTIVAL,,Hanoi,2024-12-01 09:00:0,2024-12-01 18:00:0,https://images.tkbcdn.com/2/608/332/Upload/eventcover/2024/04/03/3E212C.jpg,1
190,"[Bến Thành] ĐÊM NHẠC LÂN NHÃ - KM:  Lâm Bảo Ngọc - Guitarist Dũng dAlAt, nghệ sĩ Flute Hoàng Yến",,Hanoi,2024-12-01 09:00:0,2024-12-01 18:00:0,https://images.tkbcdn.com/2/608/332/Upload/eventcover/2024/03/18/65EDE4.jpg,1
191,Classical Masterpieces Reimagined,,Hanoi,2024-12-01 09:00:0,2024-12-01 18:00:0,https://images.tkbcdn.com/2/608/332/Upload/eventcover/2024/03/12/EAF252.jpg,1
192,HIMITSU MARCH WORKSHOP - NẾN THƠM (MAKE YOUR OWN CANDLE),,Hanoi,2024-12-01 09:00:0,2024-12-01 18:00:0,https://images.tkbcdn.com/2/608/332/Upload/eventcover/2024/02/21/EAD2E5.jpg,1
193,[NEW] [LULULOLA SHOW] TRUNG QUÂN | NGƯỜI ĐANG YÊU,,Hanoi,2024-12-01 09:00:0,2024-12-01 18:00:0,https://images.tkbcdn.com/2/608/332/Upload/eventcover/2023/04/28/73F878.jpg,1
194,ROMANTIC NIGHT 3 - FROM WEST TO EAST,,Hanoi,2024-12-01 09:00:0,2024-12-01 18:00:0,https://images.tkbcdn.com/2/608/332/Upload/eventcover/2024/03/12/73AA0C.jpg,1
195,SUPER JUNIOR-L.S.S. THE SHOW : Th3ee Guys in HO CHI MINH,,Hanoi,2024-12-01 09:00:0,2024-12-01 18:00:0,https://images.tkbcdn.com/2/608/332/Upload/eventcover/2024/03/15/74D423.jpg,1
196,HIMITSU MARCH WORKSHOP - TRỒNG CÂY (KOKEDAMA + TERRARIUM),,Hanoi,2024-12-01 09:00:0,2024-12-01 18:00:0,https://images.tkbcdn.com/2/608/332/Upload/eventcover/2024/02/21/CC167B.jpg,1
197,WORKSHOP DIY TRANH CHÂN DUNG ĐẤT SÉT,,Hanoi,2024-12-01 09:00:0,2024-12-01 18:00:0,https://images.tkbcdn.com/2/608/332/Upload/eventcover/2024/03/11/23F198.jpg,1
198,THE SPONGEBOB MUSICAL: YOUTH EDITION,,Hanoi,2024-12-01 09:00:0,2024-12-01 18:00:0,https://images.tkbcdn.com/2/608/332/Upload/eventcover/2024/02/22/F6AC27.jpg,1
199,HIMITSU MARCH WORKSHOP - PERFUME BY YOU (NƯỚC HOA ĐỘC BẢN),,Hanoi,2024-12-01 09:00:0,2024-12-01 18:00:0,https://images.tkbcdn.com/2/608/332/Upload/eventcover/2024/02/21/0B8F77.jpg,1
200,Open Air Cinema Club | Baby Driver,,Hanoi,2024-12-01 09:00:0,2024-12-01 18:00:0,https://images.tkbcdn.com/2/608/332/Upload/eventcover/2024/01/18/5C72BB.jpg,1
201,[9/3 ] - MINISHOW - CÂU TRẢ LỜI DUY NHẤT -HOÀNG HẢI,,Hanoi,2024-12-01 09:00:0,2024-12-01 18:00:0,https://images.tkbcdn.com/2/608/332/Upload/eventcover/2024/02/25/29CBC6.jpg,1
202,"VỞ HÀI KỊCH ""XUÂN...DỮ CHƯA""",,Hanoi,2024-12-01 09:00:0,2024-12-01 18:00:0,https://images.tkbcdn.com/2/608/332/Upload/eventcover/2024/02/02/866873.jpg,1
203,[HAPPY VALENTINE'S DAY] - NGUYỄN TRẦN TRUNG QUÂN  -  NHẬT PHÁT - MINH SU - BINH VAN BAND,,Hanoi,2024-12-01 09:00:0,2024-12-01 18:00:0,https://images.tkbcdn.com/2/608/332/Upload/eventcover/2024/01/04/24686A.jpg,1
204,LỄ HỘI TẾT - LỄ HỘI XUÂN TUẦN CHÂU - HẠ LONG,,Hanoi,2024-12-01 09:00:0,2024-12-01 18:00:0,https://images.tkbcdn.com/2/608/332/Upload/eventcover/2024/01/19/617E7C.jpg,1
205,"[THE GREENERY ART] ART WORKSHOP ""TRANG TRÍ LỊCH TẾT - DECORATE NEW YEAR CALENDAR""",,Hanoi,2024-12-01 09:00:0,2024-12-01 18:00:0,https://images.tkbcdn.com/2/608/332/Upload/eventcover/2024/01/02/D76032.jpg,1
206,[LOVE BY THE BAY] LAM TRƯỜNG | TÌNH THÔI XÓT XA,,Hanoi,2024-12-01 09:00:0,2024-12-01 18:00:0,https://images.tkbcdn.com/2/608/332/Upload/eventcover/2023/12/18/BE837D.jpg,1
207,[ ITS x Thiên Đăng ] DISNEY 101: THE ULTIMATE SHOWDOWN - ĐẠI NHAC - KỊCH HỘI DISNEY TẠI SÂN KHẤU THIÊN ĐĂNG,,Hanoi,2024-12-01 09:00:0,2024-12-01 18:00:0,https://images.tkbcdn.com/2/608/332/Upload/eventcover/2024/01/10/5E410D.jpg,1
208,ĐÊM CHUNG KẾT CUỘC THI HOA HẬU HOÀN VŨ VIỆT NAM 2023,,Hanoi,2024-12-01 09:00:0,2024-12-01 18:00:0,https://images.tkbcdn.com/2/608/332/Upload/eventcover/2023/11/30/8E7D60.jpg,1
209,[ HOA BAY- SHOW GALA 2023 ĐẶC BIỆT ] - BỐ GẤU HOÀNG HẢI - JIMMII NGUYỄN - NGỌC PHẠM - JIMMII BAND,,Hanoi,2024-12-01 09:00:0,2024-12-01 18:00:0,https://images.tkbcdn.com/2/608/332/Upload/eventcover/2023/12/01/8E8D21.jpg,1
210,ĐÊM BÁN KẾT & TRÌNH DIỄN TRANG PHỤC DÂN TỘC CUỘC THI HOA HẬU HOÀN VŨ VIỆT NAM 2023,,Hanoi,2024-12-01 09:00:0,2024-12-01 18:00:0,https://images.tkbcdn.com/2/608/332/Upload/eventcover/2023/11/27/BF25AA.jpg,1
211,"[THE GREENERY ART] ART WORKSHOP ""VẼ TÚI VẢI 2023""",,Hanoi,2024-12-01 09:00:0,2024-12-01 18:00:0,https://images.tkbcdn.com/2/608/332/Upload/eventcover/2023/11/30/ADC89F.jpg,1
212,[Lucteam Theatre] Kịch Búp Bê,,Hanoi,2024-12-01 09:00:0,2024-12-01 18:00:0,https://images.tkbcdn.com/2/608/332/Upload/eventcover/2023/11/29/1F68DD.jpg,1
213,THE CHILL FEST - WHITE X'MAS,,Hanoi,2024-12-01 09:00:0,2024-12-01 18:00:0,https://images.tkbcdn.com/2/608/332/Upload/eventcover/2023/12/07/ECC920.jpg,1
214,Fintastic! Christmas Celebration,,Hanoi,2024-12-01 09:00:0,2024-12-01 18:00:0,https://images.tkbcdn.com/2/608/332/Upload/eventcover/2023/11/08/03B6D1.jpg,1
215,I’ll be there: A Friendship Dance Story,,Hanoi,2024-12-01 09:00:0,2024-12-01 18:00:0,https://images.tkbcdn.com/2/608/332/Upload/eventcover/2023/12/10/B22A51.jpg,1
216,Goatee The Goat,,Hanoi,2024-12-01 09:00:0,2024-12-01 18:00:0,https://images.tkbcdn.com/2/608/332/Upload/eventcover/2023/11/17/5FE9AB.jpg,1
217,Miracle Christmas,,Hanoi,2024-12-01 09:00:0,2024-12-01 18:00:0,https://images.tkbcdn.com/2/608/332/Upload/eventcover/2023/11/21/C8993B.jpg,1
218,Open Air Cinema Club | The Polar Express,,Hanoi,2024-12-01 09:00:0,2024-12-01 18:00:0,https://images.tkbcdn.com/2/608/332/Upload/eventcover/2023/11/10/72CC41.jpg,1
219,PEPSI presents RAVOLUTION Music Festival (RAVO-X Edition),,Hanoi,2024-12-01 09:00:0,2024-12-01 18:00:0,https://images.tkbcdn.com/2/608/332/Upload/eventcover/2023/11/16/247724.jpg,1
220,Hanoi Christmas Market 2023,,Hanoi,2024-12-01 09:00:0,2024-12-01 18:00:0,https://images.tkbcdn.com/2/608/332/Upload/eventcover/2023/09/28/51EECC.jpg,1
221,"Sân Khấu Quốc Thảo- Nhạc kịch: ""Những Kẻ dị mộng mơ""",,Hanoi,2024-12-01 09:00:0,2024-12-01 18:00:0,https://images.tkbcdn.com/2/608/332/Upload/eventcover/2023/11/02/3240A7.jpg,1
222,[HỒ CHÍ MINH] OPERA: Paysage dans l'oubli | Khung cảnh lãng quên -                                Olivier Dhénin Hữu & Benjamin Attahir,,Hanoi,2024-12-01 09:00:0,2024-12-01 18:00:0,https://images.tkbcdn.com/2/608/332/Upload/eventcover/2023/11/21/679F3B.jpg,1
223,Chương trình Múa Rối Nước Cổ Truyền,,Hanoi,2024-12-01 09:00:0,2024-12-01 18:00:0,https://images.tkbcdn.com/2/608/332/Upload/eventcover/2023/11/14/9D0E78.jpg,1
224,THE CURIOUS INCIDENT OF THE DOG IN THE NIGHT TIME,,Hanoi,2024-12-01 09:00:0,2024-12-01 18:00:0,https://images.tkbcdn.com/2/608/332/Upload/eventcover/2023/10/30/956CEF.jpg,1
225,WESTLIFE - The Wild Dreams Tour,,Hanoi,2024-12-01 09:00:0,2024-12-01 18:00:0,https://images.tkbcdn.com/2/608/332/Upload/eventcover/2023/11/17/8588C8.jpg,1
226,TWO X 30 Performance - Directed by Michael Caldwell,,Hanoi,2024-12-01 09:00:0,2024-12-01 18:00:0,https://images.tkbcdn.com/2/608/332/Upload/eventcover/2023/11/06/1F57A5.jpg,1
227,"Sân Khấu Kịch Quốc Thảo - Kịch Ma : ""Mặt Nạ""",,Hanoi,2024-12-01 09:00:0,2024-12-01 18:00:0,https://images.tkbcdn.com/2/608/332/Upload/eventcover/2023/01/31/7A46FB.jpg,1
228,"Vở Kịch "" Khách sạn 18.9Hz”",,Hanoi,2024-12-01 09:00:0,2024-12-01 18:00:0,https://images.tkbcdn.com/2/608/332/Upload/eventcover/2023/10/31/645319.jpg,1
229,MY SCHOOL PRESIDENT FAN MEETING IN VIETNAM,,Hanoi,2024-12-01 09:00:0,2024-12-01 18:00:0,https://images.tkbcdn.com/2/608/332/Upload/eventcover/2023/10/03/D42B7E.jpg,1
230,TÁI TẠO NĂNG LƯỢNG VỚI CHUÔNG XOAY VÀ YOGA,,Hanoi,2024-12-01 09:00:0,2024-12-01 18:00:0,https://images.tkbcdn.com/2/608/332/Upload/eventcover/2023/10/20/C46AA4.jpg,1
231,Trải Nghiệm Làm Gốm - Cảm nhận bình yên giữa lòng Sài Gòn,,Hanoi,2024-12-01 09:00:0,2024-12-01 18:00:0,https://images.tkbcdn.com/2/608/332/Upload/eventcover/2023/11/10/03DCCB.jpg,1
232,LIVE SYMPHONIC ORCHESTRA TO ZANARKAND,,Hanoi,2024-12-01 09:00:0,2024-12-01 18:00:0,https://images.tkbcdn.com/2/608/332/Upload/eventcover/2023/10/13/0DDFB3.jpg,1
233,Happy Halloween - Van Phuc Water Show,,Hanoi,2024-12-01 09:00:0,2024-12-01 18:00:0,https://images.tkbcdn.com/2/608/332/Upload/eventcover/2023/10/18/CAABF5.jpg,1
234,GIN FESTIVAL SAIGON 2023,,Hanoi,2024-12-01 09:00:0,2024-12-01 18:00:0,https://images.tkbcdn.com/2/608/332/Upload/eventcover/2023/09/11/9BFB69,1
235,[HỒ CHÍ MINH] Fergessen (TP.HCM),,Hanoi,2024-12-01 09:00:0,2024-12-01 18:00:0,https://images.tkbcdn.com/2/608/332/Upload/eventcover/2023/10/04/323F3F.jpg,1
236,MISS GRAND INTERNATIONAL 2023 - FINAL NIGHT,,Hanoi,2024-12-01 09:00:0,2024-12-01 18:00:0,https://images.tkbcdn.com/2/608/332/Upload/eventcover/2023/09/23/D46CC6.jpg,1
237,MISS GRAND INTERNATIONAL 2023 - SEMI-FINAL NIGHT,,Hanoi,2024-12-01 09:00:0,2024-12-01 18:00:0,https://images.tkbcdn.com/2/608/332/Upload/eventcover/2023/09/23/1520F8.jpg,1
238,Miss Grand International 2023 - National Costume,,Hanoi,2024-12-01 09:00:0,2024-12-01 18:00:0,https://images.tkbcdn.com/2/608/332/Upload/eventcover/2023/10/02/596BAA.jpg,1
239,CHUNG KẾT CHƯƠNG TRÌNH THE NEW MENTOR - NGƯỜI MẪU TOÀN NĂNG,,Hanoi,2024-12-01 09:00:0,2024-12-01 18:00:0,https://images.tkbcdn.com/2/608/332/Upload/eventcover/2023/09/24/249704.jpg,1
240,"Sân Khấu Kịch Quốc Thảo - Nhạc Kịch : ""Kỹ Nữ""",,Hanoi,2024-12-01 09:00:0,2024-12-01 18:00:0,https://images.tkbcdn.com/2/608/332/Upload/eventcover/2023/02/28/D88DE3.jpg,1
241,Giấc Mơ Phù Đổng - Chương trình nghệ thuật truyền cảm hứng,,Hanoi,2024-12-01 09:00:0,2024-12-01 18:00:0,https://images.tkbcdn.com/2/608/332/Upload/eventcover/2023/10/13/4EA18C.jpg,1
242,WORKSHOP LÀM BÁNH TRUNG THU,,Hanoi,2024-12-01 09:00:0,2024-12-01 18:00:0,https://images.tkbcdn.com/2/608/332/Upload/eventcover/2023/08/29/271ACC,1
243,Nhạc kịch hài: AI LÀ HUNG THỦ?,,Hanoi,2024-12-01 09:00:0,2024-12-01 18:00:0,https://images.tkbcdn.com/2/608/332/Upload/eventcover/2023/04/02/907791.jpg,1
244,HAY GLAMPING MUSIC FESTIVAL 2023,,Hanoi,2024-12-01 09:00:0,2024-12-01 18:00:0,https://images.tkbcdn.com/2/608/332/Upload/eventcover/2023/09/18/1129F4.jpg,1
245,(Hà Nội) Duo piano & violon : Maxime Zecchini & Chương Vũ,,Hanoi,2024-12-01 09:00:0,2024-12-01 18:00:0,https://images.tkbcdn.com/2/608/332/Upload/eventcover/2023/08/31/52ABC3,1
246,[HỒ CHÍ MINH] Duo piano & violon : Maxime Zecchini & Chương Vũ,,Hanoi,2024-12-01 09:00:0,2024-12-01 18:00:0,https://images.tkbcdn.com/2/608/332/Upload/eventcover/2023/08/31/B2196D,1
247,CHUNG KẾT TOÀN QUỐC MISS GRAND VIETNAM 2023,,Hanoi,2024-12-01 09:00:0,2024-12-01 18:00:0,https://images.tkbcdn.com/2/608/332/Upload/eventcover/2023/08/04/2BFDF0.jpg,1
248,CHA MẸ ĐỜI THẦM THIÊNG - NHỮNG HOÁ THÂN 3,,Hanoi,2024-12-01 09:00:0,2024-12-01 18:00:0,https://images.tkbcdn.com/2/608/332/Upload/eventcover/2023/07/18/2AB58F.jpg,1
249,CHUNG KHẢO TOÀN QUỐC MISS GRAND VIETNAM 2023,,Hanoi,2024-12-01 09:00:0,2024-12-01 18:00:0,https://images.tkbcdn.com/2/608/332/Upload/eventcover/2023/08/04/43106D.jpg,1
250,"Sân Khấu Kịch Quốc Thảo - NHẠC KỊCH  : ""Siêu Thú Tranh Tài""",,Hanoi,2024-12-01 09:00:0,2024-12-01 18:00:0,https://images.tkbcdn.com/2/608/332/Upload/eventcover/2023/05/19/6C506D.jpg,1
251,"Nhạc Kịch : ""Công chúa kiêu kỳ và ba bà tiên """,,Hanoi,2024-12-01 09:00:0,2024-12-01 18:00:0,https://images.tkbcdn.com/2/608/332/Upload/eventcover/2023/06/13/0AECC2.jpg,1
252,"[Kịch] MÌNH NÓI CHUYỆN MÌNH - NSND Kim Xuân, Hồng Ánh, Đoàn Khoa, Quang Thảo, Huỳnh Ly",,Hanoi,2024-12-01 09:00:0,2024-12-01 18:00:0,https://images.tkbcdn.com/2/608/332/Upload/eventcover/2023/08/02/14BD48.jpg,1
253,Hài kịch: Yêu Ông Thầy,,Hanoi,2024-12-01 09:00:0,2024-12-01 18:00:0,https://images.tkbcdn.com/2/608/332/Upload/eventcover/2023/03/28/40FF76.jpg,1
254,[LOVE BY THE BAY] ĐÀM VĨNH HƯNG | BIỂN TÌNH,,Hanoi,2024-12-01 09:00:0,2024-12-01 18:00:0,https://images.tkbcdn.com/2/608/332/Upload/eventcover/2023/08/08/4AC776.jpg,1
255,"Sân Khấu Kịch Quốc Thảo - Nhạc Kịch: ""Vùng Đất Diệu Kỳ""",,Hanoi,2024-12-01 09:00:0,2024-12-01 18:00:0,https://images.tkbcdn.com/2/608/332/Upload/eventcover/2023/05/29/AFF3F5.jpg,1
256,Nhạc Nước - Van Phuc Water Show,,Hanoi,2024-12-01 09:00:0,2024-12-01 18:00:0,https://images.tkbcdn.com/2/608/332/Upload/eventcover/2023/07/13/3CE1AF.jpg,1
257,CLEAR presents WATERA FESTIVAL 2023 - Sat 29.07.2023,,Hanoi,2024-12-01 09:00:0,2024-12-01 18:00:0,https://images.tkbcdn.com/2/608/332/Upload/eventcover/2023/06/15/E62945.jpg,1
258,MANGA COMIC CON Việt Nam 2023,,Hanoi,2024-12-01 09:00:0,2024-12-01 18:00:0,https://images.tkbcdn.com/2/608/332/Upload/eventcover/2023/06/30/2AC128.jpg,1
259,Vở diễn 'Hiu Hiu Gió Bấc',,Hanoi,2024-12-01 09:00:0,2024-12-01 18:00:0,https://images.tkbcdn.com/2/608/332/Upload/eventcover/2023/06/19/FA1AF2.jpg,1
260,TRỌNG HIẾU - DANCE YOUR ENERGY UP MINISHOW,,Hanoi,2024-12-01 09:00:0,2024-12-01 18:00:0,https://images.tkbcdn.com/2/608/332/Upload/eventcover/2023/05/23/7CCE31.jpg,1
261,"Chương trình âm nhạc thính phòng ""Tuyển tập âm nhạc Pháp""",,Hanoi,2024-12-01 09:00:0,2024-12-01 18:00:0,https://images.tkbcdn.com/2/608/332/Upload/eventcover/2023/07/04/5D290F.jpg,1
262,[HÀ NỘI] OPERA - VIETNAM'S 2ND INTERNATIONAL CLASSICAL MUSIC FESTIVAL,,Hanoi,2024-12-01 09:00:0,2024-12-01 18:00:0,https://images.tkbcdn.com/2/608/332/Upload/eventcover/2023/06/29/2E2467.jpg,1
263,Danang Electronic Carnival- Let your Color glow 07/07/2023,,Hanoi,2024-12-01 09:00:0,2024-12-01 18:00:0,https://images.tkbcdn.com/2/608/332/Upload/eventcover/2023/06/24/F84983.jpg,1
264,Nhạc Trong Rừng #5: Hơi Thở Của Rừng by TAYNGUYENSOUND,,Hanoi,2024-12-01 09:00:0,2024-12-01 18:00:0,https://images.tkbcdn.com/2/608/332/Upload/eventcover/2023/05/23/21013B.jpg,1
265,Ca Nhạc Hài Kịch : Đêm Của Cười 3,,Hanoi,2024-12-01 09:00:0,2024-12-01 18:00:0,https://images.tkbcdn.com/2/608/332/Upload/eventcover/2023/06/14/C7E944.jpg,1
266,(Hà Nội) Pop - rock : The Rodeo & Mạc and the odd stones,,Hanoi,2024-12-01 09:00:0,2024-12-01 18:00:0,https://images.tkbcdn.com/2/608/332/Upload/eventcover/2023/05/18/750119.jpg,1
267,[HỒ CHÍ MINH] POP FRANÇAISE - THE RODEO,,Hanoi,2024-12-01 09:00:0,2024-12-01 18:00:0,https://images.tkbcdn.com/2/608/332/Upload/eventcover/2023/05/19/0486CA.jpg,1
268,"Nhạc Trong Rừng #3: Khởi Đầu Mới by Phạm Nguyên Ngọc, Vanh, Ca Ca và Võ Lê Vy",,Hanoi,2024-12-01 09:00:0,2024-12-01 18:00:0,https://images.tkbcdn.com/2/608/332/Upload/eventcover/2023/05/20/493754.jpg,1
269,DANCENTER RECITALS & SHOW,,Hanoi,2024-12-01 09:00:0,2024-12-01 18:00:0,https://images.tkbcdn.com/2/608/332/Upload/eventcover/2023/05/27/E7DA1F.jpg,1
270,Hoà nhạc kèn gỗ: MAGIC IN THE WIND,,Hanoi,2024-12-01 09:00:0,2024-12-01 18:00:0,https://images.tkbcdn.com/2/608/332/Upload/eventcover/2023/04/14/88BAE1.jpg,1
271,Amazing Show: Trung Quân - Khách mời Miina (20/05/2023),,Hanoi,2024-12-01 09:00:0,2024-12-01 18:00:0,https://images.tkbcdn.com/2/608/332/Upload/eventcover/2023/05/04/F90EDC.jpg,1
272,Amazing Show: Hoàng Dũng - Lê Hiếu (13/05/2023),,Hanoi,2024-12-01 09:00:0,2024-12-01 18:00:0,https://images.tkbcdn.com/2/608/332/Upload/eventcover/2023/05/04/D6F48B.jpg,1
273,Amazing Show:  Hồ Văn Cường - Danh ca Ngọc Sơn (30/04/2023),,Hanoi,2024-12-01 09:00:0,2024-12-01 18:00:0,https://images.tkbcdn.com/2/608/332/Upload/eventcover/2023/04/14/D37A4F.jpg,1
274,Love Story - SantaEarth Fanmeet In VietNam,,Hanoi,2024-12-01 09:00:0,2024-12-01 18:00:0,https://images.tkbcdn.com/2/608/332/Upload/eventcover/2023/02/24/51356D.jpg,1
275,Amazing Show: VĂN MAI HƯƠNG - TRUNG QUÂN - MYRA TRẦN,,Hanoi,2024-12-01 09:00:0,2024-12-01 18:00:0,https://images.tkbcdn.com/2/608/332/Upload/eventcover/2023/03/06/A75A9C.jpg,1
276,[HÀ NỘI] OPERA - CAVALLERIA RUSTICANA,,Hanoi,2024-12-01 09:00:0,2024-12-01 18:00:0,https://images.tkbcdn.com/2/608/332/Upload/eventcover/2023/03/31/492ED0.jpg,1
277,[KROSSING OVER] FINAL SHOW: GIỮA NGÀN TINH TÚ | Dance x Live Music,,Hanoi,2024-12-01 09:00:0,2024-12-01 18:00:0,https://images.tkbcdn.com/2/608/332/Upload/eventcover/2023/04/15/939CE0.jpg,1
278,[KROSSING OVER] CÓ THỂ NGHE THẤY TÔI KHÔNG? | Dance x Talk,,Hanoi,2024-12-01 09:00:0,2024-12-01 18:00:0,https://images.tkbcdn.com/2/608/332/Upload/eventcover/2023/03/21/22FA55.jpg,1
279,[KROSSING OVER] HÀNH TRÌNH / JOURNAL | Dance x Live Music,,Hanoi,2024-12-01 09:00:0,2024-12-01 18:00:0,https://images.tkbcdn.com/2/608/332/Upload/eventcover/2023/03/30/CD7CA6.jpg,1
280,[KROSSING OVER] VƯỢT QUA - CROSS/OVER | Dance x Film Screening x Live Music x Poetry,,Hanoi,2024-12-01 09:00:0,2024-12-01 18:00:0,https://images.tkbcdn.com/2/608/332/Upload/eventcover/2023/03/21/B070D7.jpg,1
281,[KROSSING OVER] WHEN FILM MEETS DANCE |  Film Screening,,Hanoi,2024-12-01 09:00:0,2024-12-01 18:00:0,https://images.tkbcdn.com/2/608/332/Upload/eventcover/2023/03/21/DB3F20.jpg,1
282,[SÀI GÒN] - TALENTED YOUTH,,Hanoi,2024-12-01 09:00:0,2024-12-01 18:00:0,https://images.tkbcdn.com/2/608/332/Upload/eventcover/2023/03/11/2E2D60.jpg,1
283,Kịch: TRÁI TIM OAN KHUẤT - HOÀNG THÁI THANH,,Hanoi,2024-12-01 09:00:0,2024-12-01 18:00:0,https://images.tkbcdn.com/2/608/332/Upload/eventcover/2022/12/08/04C9EA.jpg,1
284,Amazing Show:  TRUNG QUÂN - THUỲ CHI,,Hanoi,2024-12-01 09:00:0,2024-12-01 18:00:0,https://images.tkbcdn.com/2/608/332/Upload/eventcover/2023/03/06/B48BB3.jpg,1
285,APPASSIONATA : Classical Music Concert,,Hanoi,2024-12-01 09:00:0,2024-12-01 18:00:0,https://images.tkbcdn.com/2/608/332/Upload/eventcover/2023/03/07/205EEC.jpg,1
286,St. Patrick's Day Fun Fair: Support Tree-Planting for a Greener Tomorrow,,Hanoi,2024-12-01 09:00:0,2024-12-01 18:00:0,https://images.tkbcdn.com/2/608/332/Upload/eventcover/2023/03/10/788799.jpg,1
287,Shooting Stars In VietNam,,Hanoi,2024-12-01 09:00:0,2024-12-01 18:00:0,https://images.tkbcdn.com/2/608/332/Upload/eventcover/2022/12/19/C787CB.jpg,1
288,AMAZING SHOW: Văn Mai Hương - Tăng Phúc - Trương Thảo Nhi (04/03/2023),,Hanoi,2024-12-01 09:00:0,2024-12-01 18:00:0,https://images.tkbcdn.com/2/608/332/Upload/eventcover/2023/02/06/E02564.jpg,1
289,NHÓM KỊCH NNCK: Kịch Thiếu Nhi - RA ĐẢO LẤY VÀNG,,Hanoi,2024-12-01 09:00:0,2024-12-01 18:00:0,https://images.tkbcdn.com/2/608/332/Upload/eventcover/2023/02/09/E6B6C8.jpg,1
290,NHÓM KỊCH NNCK: Kịch Thiếu Nhi - BẠCH TUYẾT,,Hanoi,2024-12-01 09:00:0,2024-12-01 18:00:0,https://images.tkbcdn.com/2/608/332/Upload/eventcover/2022/12/12/9D0DF3.jpg,1
291,NHÓM KỊCH NNCK: THỊ HẾN LẮM CHIÊU...THỊ NGHÊU LẮM TRÒ,,Hanoi,2024-12-01 09:00:0,2024-12-01 18:00:0,https://images.tkbcdn.com/2/608/332/Upload/eventcover/2023/01/10/427203.jpg,1
292,NHÓM KỊCH NNCK: SÀN NHẢY PHI CÔNG (18+),,Hanoi,2024-12-01 09:00:0,2024-12-01 18:00:0,https://images.tkbcdn.com/2/608/332/Upload/eventcover/2022/04/16/6368FB.jpg,1
293,Amazing Show: Trịnh Thăng Bình - Liz Kim Cương - Khách mời Hà Nhi (18/02/2023),,Hanoi,2024-12-01 09:00:0,2024-12-01 18:00:0,https://images.tkbcdn.com/2/608/332/Upload/eventcover/2023/02/06/E12D0B.jpg,1
294,[ 1st FAN MEETING ]  OHM NANON IN VIETNAM,,Hanoi,2024-12-01 09:00:0,2024-12-01 18:00:0,https://images.tkbcdn.com/2/608/332/Upload/eventcover/2023/01/06/A258F2.jpg,1
295,Chung kết Miss Charm 2023,,Hanoi,2024-12-01 09:00:0,2024-12-01 18:00:0,https://images.tkbcdn.com/2/608/332/Upload/eventcover/2023/02/08/456D6A.jpg,1
296,VALENTINE CONCERT - FROM ITALY WITH LOVE,,Hanoi,2024-12-01 09:00:0,2024-12-01 18:00:0,https://images.tkbcdn.com/2/608/332/Upload/eventcover/2022/12/30/C35992.jpg,1
297,NHÓM KỊCH NNCK: SÀI GÒN CÒN NGƯỜI TỐT KHÔNG ?,,Hanoi,2024-12-01 09:00:0,2024-12-01 18:00:0,https://images.tkbcdn.com/2/608/332/Upload/eventcover/2023/01/10/951768.jpg,1
298,Open Air Cinema Club | Mad Max: Fury Road,,Hanoi,2024-12-01 09:00:0,2024-12-01 18:00:0,https://images.tkbcdn.com/2/608/332/Upload/eventcover/2023/02/01/A41648.jpg,1
299,Amazing Show: DALAB - MIU LÊ,,Hanoi,2024-12-01 09:00:0,2024-12-01 18:00:0,https://images.tkbcdn.com/2/608/332/Upload/eventcover/2022/11/22/EE9A65.jpg,1
300,Amazing Show: Trung Quân Idol - Phạm Quỳnh Anh,,Hanoi,2024-12-01 09:00:0,2024-12-01 18:00:0,https://images.tkbcdn.com/2/608/332/Upload/eventcover/2023/02/01/43A70F.jpg,1
301,Kịch: MÙI CỦA HẠNH PHÚC - HOÀNG THÁI THANH,,Hanoi,2024-12-01 09:00:0,2024-12-01 18:00:0,https://images.tkbcdn.com/2/608/332/Upload/eventcover/2022/08/17/50E89D.jpg,1
302,Hài kịch: ĐẢO THOÁT Ế,,Hanoi,2024-12-01 09:00:0,2024-12-01 18:00:0,https://images.tkbcdn.com/2/608/332/Upload/eventcover/2023/01/03/D27C42.jpg,1
303,Amazing Show: TRUNG QUÂN IDOL - MYRA TRẦN,,Hanoi,2024-12-01 09:00:0,2024-12-01 18:00:0,https://images.tkbcdn.com/2/608/332/Upload/eventcover/2022/12/26/2100C1.jpg,1
304,[ DA LAT BY NIGH ] LƯƠNG BÍCH HỮU - ƯNG HOÀNG PHÚC 25.1.2023 (Mùng 4 tết),,Hanoi,2024-12-01 09:00:0,2024-12-01 18:00:0,https://images.tkbcdn.com/2/608/332/Upload/eventcover/2023/01/03/DB7641.jpg,1
305,Amazing Show: ANH TÚ - LYLY,,Hanoi,2024-12-01 09:00:0,2024-12-01 18:00:0,https://images.tkbcdn.com/2/608/332/Upload/eventcover/2022/12/26/1EC999.jpg,1
306,THE PIANIST: VOICE OF THE NEW GENERATION,,Hanoi,2024-12-01 09:00:0,2024-12-01 18:00:0,https://images.tkbcdn.com/2/608/332/Upload/eventcover/2023/01/06/51A496.jpg,1
307,[ Dalat by night] TRUNG QUÂN - UYÊN LINH,,Hanoi,2024-12-01 09:00:0,2024-12-01 18:00:0,https://images.tkbcdn.com/2/608/332/Upload/eventcover/2023/01/03/6BD651.jpg,1
308,[ Amazing show] TRUNG QUÂN - UYÊN LINH,,Hanoi,2024-12-01 09:00:0,2024-12-01 18:00:0,https://images.tkbcdn.com/2/608/332/Upload/eventcover/2023/01/03/6BD651.jpg,1
309,"Cải lương: BẠCH LONG - 55 Năm ""Ăn Cơm Tổ, Khổ Vẫn Cười!""",,Hanoi,2024-12-01 09:00:0,2024-12-01 18:00:0,https://images.tkbcdn.com/2/608/332/Upload/eventcover/2022/12/12/22D4EA.jpg,1
310,"Vở cải lương ""Loạn Thế Anh Hùng""",,Hanoi,2024-12-01 09:00:0,2024-12-01 18:00:0,https://images.tkbcdn.com/2/608/332/Upload/eventcover/2022/12/28/1DF1D1.jpg,1
311,Amazing Show: NAM EM - VƯƠNG ANH TÚ,,Hanoi,2024-12-01 09:00:0,2024-12-01 18:00:0,https://images.tkbcdn.com/2/608/332/Upload/eventcover/2022/12/26/B7073C.jpg,1
312,INTOART Forest 2022,,Hanoi,2024-12-01 09:00:0,2024-12-01 18:00:0,https://images.tkbcdn.com/2/608/332/Upload/eventcover/2022/11/29/A312CF.jpg,1
313,NHÓM KỊCH NNCK: CHỒNG CHUNG CHUNG CHỒNG (YÊU AI AI YÊU?),,Hanoi,2024-12-01 09:00:0,2024-12-01 18:00:0,https://images.tkbcdn.com/2/608/332/Upload/eventcover/2022/10/14/93E351.jpg,1
314,ĐÊM NHẠC TRỊNH CÔNG SƠN: NHỚ ÁNH THÊ THIẾT,,Hanoi,2024-12-01 09:00:0,2024-12-01 18:00:0,https://images.tkbcdn.com/2/608/332/Upload/eventcover/2022/07/28/D49C03.jpg,1
315,SỰ KIỆN CHUNG KẾT HOA HẬU HOÀN VŨ VIỆT NAM 2022,,Hanoi,2024-12-01 09:00:0,2024-12-01 18:00:0,https://images.tkbcdn.com/2/608/332/Upload/eventcover/2022/06/14/7F229B.jpg,1
316,VBA 2024 - FINALS GAME 1 - SAIGON HEAT vs CANTHO CATFISH,,Hanoi,2024-12-01 09:00:0,2024-12-01 18:00:0,https://images.tkbcdn.com/2/608/332/ts/ds/9b/70/96/4d368a40fbbe70184a6278a0f3361506.jpg,2
317,VBA 2024 PLAYOFFS GAME 1 - SAIGON HEAT VS NHA TRANG DOLPHINS,,Hanoi,2024-12-01 09:00:0,2024-12-01 18:00:0,https://images.tkbcdn.com/2/608/332/ts/ds/9b/70/96/3169bdd0e15cb9fba7c362f62462c4ed.jpg,2
318,Lion Championship 17 - 2024,,Hanoi,2024-12-01 09:00:0,2024-12-01 18:00:0,https://images.tkbcdn.com/2/608/332/ts/ds/b2/9e/9a/08564ab0ca80e401a0f64ff48ab87ee1.jpg,2
319,VBA  2024 - SAIGON HEAT VS CAN THO CATFISH - AUG 31,,Hanoi,2024-12-01 09:00:0,2024-12-01 18:00:0,https://images.tkbcdn.com/2/608/332/ts/ds/9b/70/96/bc9b81311df14f239d727191f6712132.jpg,2
320,VIEWING PARTY: CKTG VALORANT CHAMPIONS 2024,,Hanoi,2024-12-01 09:00:0,2024-12-01 18:00:0,https://images.tkbcdn.com/2/608/332/ts/ds/d7/73/6e/ddea48a734752d1999d70a9f97876c03.png,2
321,THẦN VÕ VIỆT NAM: VÒNG TỨ KẾT,,Hanoi,2024-12-01 09:00:0,2024-12-01 18:00:0,https://images.tkbcdn.com/2/608/332/ts/ds/45/7f/4c/dbe82f46c4050ae1a7edc77298c39a24.png,2
322,Sự kiện Offline Vòng Chung kết Giải đấu VCS 2024 MÙA HÈ,,Hanoi,2024-12-01 09:00:0,2024-12-01 18:00:0,https://images.tkbcdn.com/2/608/332/ts/ds/13/2a/40/55c178ad60dfba08e582a26a0c4d6b9f.jpg,2
323,ARENA OF FIGHTERS ,,Hanoi,2024-12-01 09:00:0,2024-12-01 18:00:0,https://images.tkbcdn.com/2/608/332/ts/ds/84/69/10/3231d05f7094f6d96d94588ead29af77.jpeg,2
324,LEAD Professional Boxing | WBA Asia Vietnam Tournament | Quarter-finals,,Hanoi,2024-12-01 09:00:0,2024-12-01 18:00:0,https://images.tkbcdn.com/2/608/332/ts/ds/9e/bd/a0/da48c19d673397411bd9118e576077d4.jpg,2
325,VBA  2024 - SAIGON HEAT VS NHA TRANG DOLPHINS - AUG 10,,Hanoi,2024-12-01 09:00:0,2024-12-01 18:00:0,https://images.tkbcdn.com/2/608/332/ts/ds/9b/70/96/faf7434e7629fb90c46441b1b4e74404.jpg,2
326,Lion Championship 16 - 2024,,Hanoi,2024-12-01 09:00:0,2024-12-01 18:00:0,https://images.tkbcdn.com/2/608/332/ts/ds/4c/42/31/a881d1e1cf4ad2b30e05fb6672d9f95b.jpg,2
327,ĐẤU TRƯỜNG HỖN CHIẾN,,Hanoi,2024-12-01 09:00:0,2024-12-01 18:00:0,https://images.tkbcdn.com/2/608/332/ts/ds/e9/8a/d5/06fd5352c9a0788b6da76bb67a685713.jpg,2
328,VBA  2024 - SAIGON HEAT VS NHA TRANG DOLPHINS - AUG 07,,Hanoi,2024-12-01 09:00:0,2024-12-01 18:00:0,https://images.tkbcdn.com/2/608/332/ts/ds/9b/70/96/d5fcba94a5390448be39e32f22519b31.jpg,2
329,VBA  2024 - SAIGON HEAT VS DANANG DRAGONS - JUL 28,,Hanoi,2024-12-01 09:00:0,2024-12-01 18:00:0,https://images.tkbcdn.com/2/608/332/ts/ds/9b/70/96/73042ae6ca1adea02103d5eda99264fc.jpg,2
330,Chung kết giải đấu VALORANT CHAMPIONS TOUR 2024: CHALLENGERS VIETNAM SPLIT 2,,Hanoi,2024-12-01 09:00:0,2024-12-01 18:00:0,https://images.tkbcdn.com/2/608/332/ts/ds/48/3b/69/af1f4d104e01ba72504cb217b2599b19.jpg,2
331,Muay Thai Rampage x Road To ONE: Vietnam - SEMI-FINAL ROUND/ VÒNG BÁN KẾT,,Hanoi,2024-12-01 09:00:0,2024-12-01 18:00:0,https://images.tkbcdn.com/2/608/332/ts/ds/26/57/6f/4640e05173bc98583fe3117ea0a29172.jpg,2
332,VBA  2024 - SAIGON HEAT VS HO CHI MINH CITY WINGS - JUL 19,,Hanoi,2024-12-01 09:00:0,2024-12-01 18:00:0,https://images.tkbcdn.com/2/608/332/ts/ds/9b/70/96/086c7352a3a7caa5e150e5dc22dbe424.jpg,2
333,VBA  2024 - SAIGON HEAT VS CANTHO CATFISH - JUL 17,,Hanoi,2024-12-01 09:00:0,2024-12-01 18:00:0,https://images.tkbcdn.com/2/608/332/ts/ds/9b/70/96/c5709e986a5d39ebbdfb73e2a11b8d00.jpg,2
334,VBA 2024 - SAIGON HEAT VS DANANG DRAGONS - JUL 14,,Hanoi,2024-12-01 09:00:0,2024-12-01 18:00:0,https://images.tkbcdn.com/2/608/332/ts/ds/9b/70/96/5133b985ec3f90d08ee604ca129e6920.jpg,2
335,Lion Championship 15 - 2024,,Hanoi,2024-12-01 09:00:0,2024-12-01 18:00:0,https://images.tkbcdn.com/2/608/332/ts/ds/16/80/7e/44d46d5e87b1ff7c207251ee6e4ad5df.jpg,2
336,VBA  2024 - SAIGON HEAT VS HANOI BUFFALOES - JUL 07,,Hanoi,2024-12-01 09:00:0,2024-12-01 18:00:0,https://images.tkbcdn.com/2/608/332/ts/ds/9b/70/96/57edbec5b30f821eadb74bdabef9c565.jpg,2
337,VBA 2024 - SAIGON HEAT VS HANOI BUFFALOES- JUNE 30,,Hanoi,2024-12-01 09:00:0,2024-12-01 18:00:0,https://images.tkbcdn.com/2/608/332/ts/ds/9b/70/96/a348aaf8011d4cb464f33f7a4d29eda6.jpg,2
338,VBA  2024 - SAIGON HEAT VS HO CHI MINH WINGS - JUNE 28,,Hanoi,2024-12-01 09:00:0,2024-12-01 18:00:0,https://images.tkbcdn.com/2/608/332/ts/ds/9b/70/96/2dd7c9300a46215dcc8df0cb5b83aac6.jpg,2
339,Lion Championship 14 - 2024,,Hanoi,2024-12-01 09:00:0,2024-12-01 18:00:0,https://images.tkbcdn.com/2/608/332/ts/ds/ee/f4/b3/2c2c4b30ec43fa6a526f6be777203dfa.jpg,2
340,MuayThai Rampage x Road to One - ELIMINATION,,Hanoi,2024-12-01 09:00:0,2024-12-01 18:00:0,https://images.tkbcdn.com/2/608/332/ts/ds/5e/d6/a3/b03f1c63cf18affcd298bc2252f8dba5.jpg,2
341,VIEWING PARTY - CHUNG KẾT TỔNG MSI 2024 | TPHCM & HÀ NỘI,,Hanoi,2024-12-01 09:00:0,2024-12-01 18:00:0,https://images.tkbcdn.com/2/608/332/ts/ds/a1/11/1e/61860cba92c1153a0e5a21190d7bea8b.jpg,2
342,Lion Championship 13 - 2024,,Hanoi,2024-12-01 09:00:0,2024-12-01 18:00:0,https://images.tkbcdn.com/2/608/332/ts/ds/d7/47/bb/96e77130a842e86eef4b59b79469b7e9.jpg,2
343,BRAZIL VIETNAM FOOTBALL FESTIVAL 2024,,Hanoi,2024-12-01 09:00:0,2024-12-01 18:00:0,https://images.tkbcdn.com/2/608/332/Upload/eventcover/2024/04/22/B17195.jpg,2
344,Lion Championship 12 - 2024,,Hanoi,2024-12-01 09:00:0,2024-12-01 18:00:0,https://images.tkbcdn.com/2/608/332/Upload/eventcover/2024/03/25/96AFC5.jpg,2
